-- phpMyAdmin SQL Dump
-- version 4.2.7.1
-- http://www.phpmyadmin.net
--
-- Host: 127.0.0.1
-- Generation Time: Jan 09, 2017 at 10:41 PM
-- Server version: 5.6.20
-- PHP Version: 5.5.15

SET SQL_MODE = "NO_AUTO_VALUE_ON_ZERO";
SET time_zone = "+00:00";


/*!40101 SET @OLD_CHARACTER_SET_CLIENT=@@CHARACTER_SET_CLIENT */;
/*!40101 SET @OLD_CHARACTER_SET_RESULTS=@@CHARACTER_SET_RESULTS */;
/*!40101 SET @OLD_COLLATION_CONNECTION=@@COLLATION_CONNECTION */;
/*!40101 SET NAMES utf8 */;

--
-- Database: `sistem_pakar`
--

-- --------------------------------------------------------

--
-- Table structure for table `aturan`
--

CREATE TABLE IF NOT EXISTS `aturan` (
  `id_aturan` varchar(12) NOT NULL,
  `id_penyakit` varchar(12) NOT NULL,
  `id_gejala` varchar(12) NOT NULL,
  `probabilitas` float NOT NULL,
  `waktu` date NOT NULL
) ENGINE=InnoDB DEFAULT CHARSET=latin1;

--
-- Dumping data for table `aturan`
--

INSERT INTO `aturan` (`id_aturan`, `id_penyakit`, `id_gejala`, `probabilitas`, `waktu`) VALUES
('RULE017001', 'PYKT016002', 'GJLA017001', 0.1, '2017-01-01'),
('RULE017002', 'PYKT016002', 'GJLA017002', 0.5, '2017-01-01'),
('RULE017003', 'PYKT016002', 'GJLA017018', 0.3, '2017-01-01'),
('RULE017004', 'PYKT016002', 'GJLA017026', 0.8, '2017-01-01'),
('RULE017005', 'PYKT016002', 'GJLA017027', 0.7, '2017-01-01'),
('RULE017006', 'PYKT016002', 'GJLA017028', 0.4, '2017-01-01'),
('RULE017007', 'PYKT016010', 'GJLA017029', 0.3, '2017-01-01'),
('RULE017008', 'PYKT016010', 'GJLA017032', 0.2, '2017-01-01'),
('RULE017009', 'PYKT016010', 'GJLA017033', 0.6, '2017-01-01'),
('RULE017010', 'PYKT016010', 'GJLA017034', 0.2, '2017-01-01'),
('RULE017011', 'PYKT016010', 'GJLA017035', 0.4, '2017-01-01'),
('RULE017012', 'PYKT016011', 'GJLA017024', 0.3, '2017-01-01'),
('RULE017013', 'PYKT016011', 'GJLA017025', 0.4, '2017-01-01'),
('RULE017014', 'PYKT016011', 'GJLA017029', 0.5, '2017-01-01'),
('RULE017015', 'PYKT016011', 'GJLA017030', 0.15, '2017-01-01'),
('RULE017016', 'PYKT016012', 'GJLA017029', 0.4, '2017-01-01'),
('RULE017017', 'PYKT016012', 'GJLA017031', 0.1, '2017-01-01'),
('RULE017021', 'PYKT016011', 'GJLA017001', 0.1, '2017-01-01'),
('RULE017022', 'PYKT016011', 'GJLA017002', 0.6, '2017-01-01'),
('RULE017023', 'PYKT016011', 'GJLA017003', 0.4, '2017-01-01'),
('RULE017024', 'PYKT016011', 'GJLA017005', 0.3, '2017-01-01'),
('RULE017025', 'PYKT016011', 'GJLA017006', 0.3, '2017-01-01'),
('RULE017026', 'PYKT016011', 'GJLA017009', 0.4, '2017-01-01'),
('RULE017027', 'PYKT016011', 'GJLA017018', 0.4, '2017-01-01'),
('RULE017028', 'PYKT016011', 'GJLA017019', 0.3, '2017-01-01'),
('RULE017029', 'PYKT016011', 'GJLA017021', 0.12, '2017-01-01'),
('RULE017030', 'PYKT016011', 'GJLA017022', 0.2, '2017-01-01'),
('RULE017031', 'PYKT016011', 'GJLA017023', 0.6, '2017-01-01'),
('RULE017032', 'PYKT016010', 'GJLA017001', 0.4, '2017-01-01'),
('RULE017033', 'PYKT016010', 'GJLA017002', 0.7, '2017-01-01'),
('RULE017034', 'PYKT016010', 'GJLA017003', 0.4, '2017-01-01'),
('RULE017035', 'PYKT016010', 'GJLA017005', 0.5, '2017-01-01'),
('RULE017036', 'PYKT016010', 'GJLA017007', 0.3, '2017-01-01'),
('RULE017037', 'PYKT016010', 'GJLA017008', 0.3, '2017-01-01'),
('RULE017038', 'PYKT016010', 'GJLA017009', 0.4, '2017-01-01'),
('RULE017039', 'PYKT016010', 'GJLA017013', 0.4, '2017-01-01'),
('RULE017040', 'PYKT016010', 'GJLA017014', 0.4, '2017-01-01'),
('RULE017041', 'PYKT016010', 'GJLA017015', 0.2, '2017-01-01'),
('RULE017042', 'PYKT016010', 'GJLA017018', 0.4, '2017-01-01'),
('RULE017043', 'PYKT016010', 'GJLA017019', 0.5, '2017-01-01'),
('RULE017044', 'PYKT016010', 'GJLA017020', 0.7, '2017-01-01'),
('RULE017045', 'PYKT016012', 'GJLA017001', 0.5, '2017-01-01'),
('RULE017046', 'PYKT016012', 'GJLA017002', 0.7, '2017-01-01'),
('RULE017047', 'PYKT016012', 'GJLA017003', 0.4, '2017-01-01'),
('RULE017048', 'PYKT016012', 'GJLA017004', 0.1, '2017-01-01'),
('RULE017049', 'PYKT016012', 'GJLA017005', 0.5, '2017-01-01'),
('RULE017050', 'PYKT016012', 'GJLA017006', 0.1, '2017-01-01'),
('RULE017051', 'PYKT016012', 'GJLA017007', 0.2, '2017-01-01'),
('RULE017052', 'PYKT016012', 'GJLA017009', 0.2, '2017-01-01'),
('RULE017053', 'PYKT016012', 'GJLA017010', 0.3, '2017-01-01'),
('RULE017054', 'PYKT016012', 'GJLA017011', 0.1, '2017-01-01'),
('RULE017055', 'PYKT016012', 'GJLA017012', 0.1, '2017-01-01'),
('RULE017056', 'PYKT016012', 'GJLA017016', 0.15, '2017-01-01'),
('RULE017057', 'PYKT016012', 'GJLA017017', 0.1, '2017-01-01'),
('RULE017058', 'PYKT016012', 'GJLA017018', 0.4, '2017-01-01'),
('RULE017059', 'PYKT016012', 'GJLA017008', 0.0001, '2017-01-02'),
('RULE017060', 'PYKT016012', 'GJLA017013', 0.0001, '2017-01-02'),
('RULE017061', 'PYKT016012', 'GJLA017014', 0.0001, '2017-01-02'),
('RULE017062', 'PYKT016012', 'GJLA017015', 0.0001, '2017-01-02'),
('RULE017063', 'PYKT016012', 'GJLA017019', 0.0001, '2017-01-02'),
('RULE017064', 'PYKT016012', 'GJLA017020', 0.0001, '2017-01-02'),
('RULE017065', 'PYKT016012', 'GJLA017021', 0.0001, '2017-01-02'),
('RULE017066', 'PYKT016012', 'GJLA017022', 0.0001, '2017-01-02'),
('RULE017067', 'PYKT016012', 'GJLA017023', 0.0001, '2017-01-02'),
('RULE017068', 'PYKT016010', 'GJLA017004', 0.0001, '2017-01-02'),
('RULE017069', 'PYKT016010', 'GJLA017006', 0.0001, '2017-01-02'),
('RULE017070', 'PYKT016010', 'GJLA017010', 0.0001, '2017-01-02'),
('RULE017071', 'PYKT016010', 'GJLA017011', 0.0001, '2017-01-02'),
('RULE017072', 'PYKT016010', 'GJLA017012', 0.0001, '2017-01-02'),
('RULE017073', 'PYKT016010', 'GJLA017016', 0.0001, '2017-01-02'),
('RULE017074', 'PYKT016010', 'GJLA017017', 0.0001, '2017-01-02'),
('RULE017075', 'PYKT016010', 'GJLA017021', 0.0001, '2017-01-02'),
('RULE017076', 'PYKT016010', 'GJLA017022', 0.0001, '2017-01-02'),
('RULE017077', 'PYKT016010', 'GJLA017023', 0.0001, '2017-01-02'),
('RULE017078', 'PYKT016011', 'GJLA017004', 0.0001, '2017-01-02'),
('RULE017079', 'PYKT016011', 'GJLA017007', 0.0001, '2017-01-02'),
('RULE017080', 'PYKT016011', 'GJLA017008', 0.0001, '2017-01-02'),
('RULE017081', 'PYKT016011', 'GJLA017010', 0.0001, '2017-01-02'),
('RULE017082', 'PYKT016011', 'GJLA017010', 0.0001, '2017-01-02'),
('RULE017083', 'PYKT016011', 'GJLA017012', 0.0001, '2017-01-02'),
('RULE017084', 'PYKT016011', 'GJLA017013', 0.0001, '2017-01-02'),
('RULE017085', 'PYKT016011', 'GJLA017014', 0.0001, '2017-01-02'),
('RULE017086', 'PYKT016011', 'GJLA017015', 0.0001, '2017-01-02'),
('RULE017087', 'PYKT016011', 'GJLA017016', 0.0001, '2017-01-02'),
('RULE017088', 'PYKT016011', 'GJLA017017', 0.0001, '2017-01-02'),
('RULE017089', 'PYKT016011', 'GJLA017020', 0.0001, '2017-01-02'),
('RULE017090', 'PYKT016002', 'GJLA017003', 0.0001, '2017-01-02'),
('RULE017091', 'PYKT016002', 'GJLA017004', 0.0001, '2017-01-02'),
('RULE017092', 'PYKT016002', 'GJLA017005', 0.0001, '2017-01-02'),
('RULE017093', 'PYKT016002', 'GJLA017006', 0.0001, '2017-01-02'),
('RULE017094', 'PYKT016002', 'GJLA017007', 0.0001, '2017-01-02'),
('RULE017095', 'PYKT016002', 'GJLA017008', 0.0001, '2017-01-02'),
('RULE017096', 'PYKT016002', 'GJLA017009', 0.0001, '2017-01-02'),
('RULE017097', 'PYKT016002', 'GJLA017010', 0.0001, '2017-01-02'),
('RULE017098', 'PYKT016002', 'GJLA017011', 0.0001, '2017-01-02'),
('RULE017099', 'PYKT016002', 'GJLA017012', 0.0001, '2017-01-02'),
('RULE017100', 'PYKT016002', 'GJLA017013', 0.0001, '2017-01-02'),
('RULE017101', 'PYKT016002', 'GJLA017014', 0.0001, '2017-01-02'),
('RULE017102', 'PYKT016002', 'GJLA017015', 0.0001, '2017-01-02'),
('RULE017103', 'PYKT016002', 'GJLA017016', 0.0001, '2017-01-02'),
('RULE017104', 'PYKT016002', 'GJLA017019', 0.0001, '2017-01-02'),
('RULE017105', 'PYKT016002', 'GJLA017020', 0.0001, '2017-01-02'),
('RULE017106', 'PYKT016002', 'GJLA017021', 0.0001, '2017-01-02'),
('RULE017107', 'PYKT016002', 'GJLA017022', 0.0001, '2017-01-02'),
('RULE017108', 'PYKT016002', 'GJLA017023', 0.0001, '2017-01-02'),
('RULE017109', 'PYKT016002', 'GJLA017024', 0.0001, '2017-01-02'),
('RULE017110', 'PYKT016002', 'GJLA017025', 0.0001, '2017-01-02'),
('RULE017111', 'PYKT016002', 'GJLA017029', 0.0001, '2017-01-02'),
('RULE017112', 'PYKT016002', 'GJLA017030', 0.0001, '2017-01-02'),
('RULE017113', 'PYKT016002', 'GJLA017031', 0.0001, '2017-01-02'),
('RULE017114', 'PYKT016002', 'GJLA017032', 0.0001, '2017-01-02'),
('RULE017115', 'PYKT016002', 'GJLA017033', 0.0001, '2017-01-02'),
('RULE017116', 'PYKT016002', 'GJLA017034', 0.0001, '2017-01-02'),
('RULE017117', 'PYKT016002', 'GJLA017035', 0.0001, '2017-01-02'),
('RULE017118', 'PYKT016011', 'GJLA017026', 0.0001, '2017-01-02'),
('RULE017119', 'PYKT016011', 'GJLA017027', 0.0001, '2017-01-02'),
('RULE017120', 'PYKT016011', 'GJLA017028', 0.0001, '2017-01-02'),
('RULE017121', 'PYKT016011', 'GJLA017031', 0.0001, '2017-01-02'),
('RULE017122', 'PYKT016011', 'GJLA017032', 0.0001, '2017-01-02'),
('RULE017123', 'PYKT016011', 'GJLA017033', 0.0001, '2017-01-02'),
('RULE017124', 'PYKT016011', 'GJLA017034', 0.0001, '2017-01-02'),
('RULE017125', 'PYKT016011', 'GJLA017035', 0.0001, '2017-01-02'),
('RULE017126', 'PYKT016010', 'GJLA017024', 0.0001, '2017-01-02'),
('RULE017127', 'PYKT016010', 'GJLA017025', 0.0001, '2017-01-02'),
('RULE017128', 'PYKT016010', 'GJLA017026', 0.0001, '2017-01-02'),
('RULE017129', 'PYKT016010', 'GJLA017027', 0.0001, '2017-01-02'),
('RULE017130', 'PYKT016010', 'GJLA017028', 0.0001, '2017-01-02'),
('RULE017131', 'PYKT016010', 'GJLA017030', 0.0001, '2017-01-02'),
('RULE017132', 'PYKT016010', 'GJLA017031', 0.0001, '2017-01-02'),
('RULE017133', 'PYKT016012', 'GJLA017024', 0.0001, '2017-01-02'),
('RULE017134', 'PYKT016012', 'GJLA017025', 0.0001, '2017-01-02'),
('RULE017135', 'PYKT016012', 'GJLA017026', 0.0001, '2017-01-02'),
('RULE017136', 'PYKT016012', 'GJLA017027', 0.0001, '2017-01-02'),
('RULE017137', 'PYKT016012', 'GJLA017028', 0.0001, '2017-01-02'),
('RULE017138', 'PYKT016012', 'GJLA017030', 0.0001, '2017-01-02'),
('RULE017139', 'PYKT016012', 'GJLA017032', 0.0001, '2017-01-02'),
('RULE017140', 'PYKT016012', 'GJLA017033', 0.0001, '2017-01-02'),
('RULE017142', 'PYKT016012', 'GJLA017034', 0.0001, '2017-01-02'),
('RULE017143', 'PYKT016012', 'GJLA017035', 0.0001, '2017-01-02');

-- --------------------------------------------------------

--
-- Table structure for table `diagnosa`
--

CREATE TABLE IF NOT EXISTS `diagnosa` (
  `id_diagnosa` varchar(12) NOT NULL,
  `id_pakar` varchar(12) NOT NULL,
  `waktu` date NOT NULL,
  `jam` time NOT NULL,
  `f_id_penyakit` varchar(12) DEFAULT NULL
) ENGINE=InnoDB DEFAULT CHARSET=latin1;

--
-- Dumping data for table `diagnosa`
--

INSERT INTO `diagnosa` (`id_diagnosa`, `id_pakar`, `waktu`, `jam`, `f_id_penyakit`) VALUES
('DIAG017001', 'USER016001', '2017-01-01', '12:22:23', 'PYKT016012'),
('DIAG017002', 'USER016005', '2017-01-01', '15:12:07', 'PYKT016012'),
('DIAG017003', 'USER016005', '2017-01-01', '15:13:29', 'PYKT016012'),
('DIAG017004', 'USER016005', '2017-01-01', '15:15:51', 'null'),
('DIAG017005', 'USER016001', '2017-01-01', '23:44:07', 'PYKT016010'),
('DIAG017006', 'USER016001', '2017-01-02', '00:06:26', 'PYKT016012'),
('DIAG017007', 'USER016001', '2017-01-02', '00:06:53', 'PYKT016002'),
('DIAG017008', 'USER016001', '2017-01-02', '08:08:11', 'null'),
('DIAG017009', 'USER016001', '2017-01-02', '08:10:35', 'null'),
('DIAG017010', 'USER016001', '2017-01-02', '08:52:18', 'PYKT016002');

-- --------------------------------------------------------

--
-- Table structure for table `diagnosa_detail`
--

CREATE TABLE IF NOT EXISTS `diagnosa_detail` (
  `id_aturan` varchar(12) NOT NULL,
  `id_diagnosa` varchar(12) NOT NULL,
  `probabilitas` float NOT NULL
) ENGINE=InnoDB DEFAULT CHARSET=latin1;

--
-- Dumping data for table `diagnosa_detail`
--

INSERT INTO `diagnosa_detail` (`id_aturan`, `id_diagnosa`, `probabilitas`) VALUES
('RULE017002', 'DIAG017001', 0),
('RULE017033', 'DIAG017001', 0),
('RULE017022', 'DIAG017001', 0),
('RULE017046', 'DIAG017001', 0),
('RULE017024', 'DIAG017001', 0),
('RULE017035', 'DIAG017001', 0),
('RULE017049', 'DIAG017001', 0),
('RULE017023', 'DIAG017001', 0),
('RULE017034', 'DIAG017001', 0),
('RULE017047', 'DIAG017001', 0),
('RULE017002', 'DIAG017002', 0),
('RULE017033', 'DIAG017002', 0),
('RULE017022', 'DIAG017002', 0),
('RULE017046', 'DIAG017002', 0),
('RULE017024', 'DIAG017002', 0),
('RULE017035', 'DIAG017002', 0),
('RULE017049', 'DIAG017002', 0),
('RULE017023', 'DIAG017002', 0),
('RULE017034', 'DIAG017002', 0),
('RULE017047', 'DIAG017002', 0),
('RULE017004', 'DIAG017003', 0),
('RULE017002', 'DIAG017003', 0),
('RULE017033', 'DIAG017003', 0),
('RULE017022', 'DIAG017003', 0),
('RULE017046', 'DIAG017003', 0),
('RULE017001', 'DIAG017003', 0),
('RULE017032', 'DIAG017003', 0),
('RULE017021', 'DIAG017003', 0),
('RULE017045', 'DIAG017003', 0),
('RULE017004', 'DIAG017004', 0),
('RULE017002', 'DIAG017004', 0),
('RULE017033', 'DIAG017004', 0),
('RULE017022', 'DIAG017004', 0),
('RULE017046', 'DIAG017004', 0),
('RULE017005', 'DIAG017004', 0),
('RULE017013', 'DIAG017005', 0),
('RULE017012', 'DIAG017005', 0),
('RULE017040', 'DIAG017005', 0),
('RULE017039', 'DIAG017005', 0),
('RULE017055', 'DIAG017006', 0),
('RULE017036', 'DIAG017006', 0),
('RULE017051', 'DIAG017006', 0),
('RULE017007', 'DIAG017006', 0),
('RULE017014', 'DIAG017006', 0),
('RULE017016', 'DIAG017006', 0),
('RULE017004', 'DIAG017007', 0),
('RULE017015', 'DIAG017007', 0),
('RULE017008', 'DIAG017007', 0),
('RULE017002', 'DIAG017008', 0),
('RULE017033', 'DIAG017008', 0),
('RULE017022', 'DIAG017008', 0),
('RULE017046', 'DIAG017008', 0),
('RULE017024', 'DIAG017008', 0),
('RULE017035', 'DIAG017008', 0),
('RULE017049', 'DIAG017008', 0),
('RULE017023', 'DIAG017008', 0),
('RULE017034', 'DIAG017008', 0),
('RULE017047', 'DIAG017008', 0),
('RULE017004', 'DIAG017009', 0),
('RULE017012', 'DIAG017009', 0),
('RULE017040', 'DIAG017009', 0),
('RULE017017', 'DIAG017009', 0),
('RULE017004', 'DIAG017010', 0),
('RULE017128', 'DIAG017010', 0),
('RULE017118', 'DIAG017010', 0),
('RULE017135', 'DIAG017010', 0),
('RULE017109', 'DIAG017010', 0),
('RULE017126', 'DIAG017010', 0),
('RULE017012', 'DIAG017010', 0),
('RULE017133', 'DIAG017010', 0),
('RULE017101', 'DIAG017010', 0),
('RULE017040', 'DIAG017010', 0),
('RULE017085', 'DIAG017010', 0),
('RULE017061', 'DIAG017010', 0),
('RULE017113', 'DIAG017010', 0),
('RULE017132', 'DIAG017010', 0),
('RULE017121', 'DIAG017010', 0),
('RULE017017', 'DIAG017010', 0);

-- --------------------------------------------------------

--
-- Table structure for table `gejala`
--

CREATE TABLE IF NOT EXISTS `gejala` (
  `id_gejala` varchar(12) NOT NULL,
  `nama_gejala` varchar(50) NOT NULL,
  `waktu` date NOT NULL
) ENGINE=InnoDB DEFAULT CHARSET=latin1;

--
-- Dumping data for table `gejala`
--

INSERT INTO `gejala` (`id_gejala`, `nama_gejala`, `waktu`) VALUES
('GJLA017001', 'Menggigil/Dingin', '2017-01-01'),
('GJLA017002', 'Demam', '2017-01-01'),
('GJLA017003', 'Suhu Badan Meningkat', '2017-01-01'),
('GJLA017004', 'Berkeringat', '2017-01-01'),
('GJLA017005', 'Sakit Kepala', '2017-01-01'),
('GJLA017006', 'Mual', '2017-01-01'),
('GJLA017007', 'Muntah-muntah', '2017-01-01'),
('GJLA017008', 'Nyeri Saat Menelan', '2017-01-01'),
('GJLA017009', 'Nyeri Seluruh/Sebagian Anggota Tubuh', '2017-01-01'),
('GJLA017010', 'Pucat', '2017-01-01'),
('GJLA017011', 'Kejang-kejang', '2017-01-01'),
('GJLA017012', 'Mata Kuning', '2017-01-01'),
('GJLA017013', 'Pendarahan Hidung', '2017-01-01'),
('GJLA017014', 'Pendarahan Gusi', '2017-01-01'),
('GJLA017015', 'Pendarahan Saluran Pencernaan', '2017-01-01'),
('GJLA017016', 'Jumlah Kencing Kurang', '2017-01-01'),
('GJLA017017', 'Warna Urine Seperti Teh Tua', '2017-01-01'),
('GJLA017018', 'Sesak Nafas', '2017-01-01'),
('GJLA017019', 'Ruam', '2017-01-01'),
('GJLA017020', 'Penurunan Trombosit', '2017-01-01'),
('GJLA017021', 'Tubuh Melengkung/Meliuk', '2017-01-01'),
('GJLA017022', 'Mata Merah', '2017-01-01'),
('GJLA017023', 'Flu', '2017-01-01'),
('GJLA017024', 'Lumpuh', '2017-01-01'),
('GJLA017025', 'Lemas', '2017-01-01'),
('GJLA017026', 'Bengkak di Daerah Lipatan Paha', '2017-01-01'),
('GJLA017027', 'Tungkai, Lengan dan Buah dada Membesar', '2017-01-01'),
('GJLA017028', 'Buah Zakar Kemerahan', '2017-01-01'),
('GJLA017029', 'Nyeri Otot', '2017-01-01'),
('GJLA017030', 'Kulit Merah', '2017-01-01'),
('GJLA017031', 'Pendarahan Pada Anus', '2017-01-01'),
('GJLA017032', 'Nyeri di Belakang Mata', '2017-01-01'),
('GJLA017033', 'Pendarahan di Bawah Kulit', '2017-01-01'),
('GJLA017034', 'Sulit Tidur', '2017-01-01'),
('GJLA017035', 'Tekanan Darah Menurun', '2017-01-01');

-- --------------------------------------------------------

--
-- Table structure for table `penyakit`
--

CREATE TABLE IF NOT EXISTS `penyakit` (
  `id_penyakit` varchar(12) NOT NULL,
  `nama_penyakit` varchar(50) NOT NULL,
  `np_populasi` float NOT NULL,
  `pencegahan` text NOT NULL,
  `pengobatan` text NOT NULL,
  `waktu` date NOT NULL,
  `riwayat` text NOT NULL
) ENGINE=InnoDB DEFAULT CHARSET=latin1;

--
-- Dumping data for table `penyakit`
--

INSERT INTO `penyakit` (`id_penyakit`, `nama_penyakit`, `np_populasi`, `pencegahan`, `pengobatan`, `waktu`, `riwayat`) VALUES
('PYKT016002', 'Filariasis', 0.017488, 'Mencegah Lebih Baik Daripada Mengobati, mungkin itu adalah ungkapan yang sangat tepat untuk menghindari penyakit kaki gajah. Karena jika kita telah terinfeksi oleh cacing filaria akan sangat sulit sekali untuk mengobatinya serta memerlukan waktu yang lama. Ada beberapa hal yang bisa kita lakukan untuk mencegah serangan penyakit kaki gajah,misalnya: \r\n1.      Berusaha menghindarkan diri dari nyamuk vector dengan caramenggunakan kelambu sewaktu tidur. \r\n2.      Menutup ventilasi rumah dengan kasa nyamuk. \r\n3.      Menggunakan obat nyamuk semprot atau bakar.\r\n 4.      Bisa juga dengan mengoleskan kulit dengan lotion anti nyamuk. \r\n5.      Memberantas jentik-jentik nyamuk dengan cara bak air dirumah. \r\n6.      Menimbun, mengeringkan atau mengalirkan genangan air sebagai tempat perindukan nyamuk. \r\n7.      Serta membersihkan pekarangan dan lingkungan disekitar rumah anda.\r\n\r\nToday Deal $50 Off : https://goo.gl/efW8Ef', 'Obat utama yang digunakan adalah dietilkarbamazin sitrat ( DEC ) (12). DEC bersifat membunuh mikrofilaria dan juga cacing dewasa pada pengobatan jangka panjang. Hingga saat ini, DEC merupakan satu-satunya obat yang efektif, aman, dan relatif murah. Untuk filariasis bankrofti, dosis yang dianjurkan adalah 6mg/kg berat badan/hari selama 12 hari. Sedangkan untuk filaria brugia, dosis yang dianjurkan adalah 5mg/kg berat badan/hari selama 10 hari. Efek samping dari DEC ini adalah demam, menggigil, artralgia, sakit kepala, mual hingga muntah. Pada pengobatan filariasis brugia, efek samping yang ditimbulkan lebih berat. Sehingga, untuk pengobatannya dianjurkan dalam dosis rendah, tetapi waktu pengobatan dilakukan dalam waktu yang lebih lama (13). Obat lain yang juga dipakai adalah ivermektin (12). Ivermektin adalah antibiotik semisintetik dari golongan makrolid yang mempunyai aktivitas luas terhadap nematode dan ektoparasit. Obat ini hanya membunuh mikrofilaria. Efek samping yang ditimbulkan lebih ringan dibanding DEC  (13). Pengobatan kombinasi dapat juga dengan dosis tunggal DEC dan Albendazol 400mg, diberikan setiap tahun selama 5 tahun. Pengobatan kombinasi meningkatkan efek filarisida DEC. Yang dapat diobati adalah stadium mikrofilaremia, stadium akut, limfedema, kiluria, dan stadium dini elefantiasis. Terapi suportif berupa pemijatan dan pembebatan juga dilakukan di samping pemberian antibiotika dan corticosteroid, khususnya pada kasus elefantiasis kronis. Pada kasus-kasus tertentu dapat juga dilakukan pembedahan (13).\r\n\r\nToday Deal $50 Off : https://goo.gl/efW8Ef', '0000-00-00', 'Filariasis adalah penyakit yang disebabkan oleh infeksi parasit nematoda yang tersebar di Indonesia (1). Penyakit Kaki Gajah (Filariasis atau Elephantiasis) adalah golongan penyakit menular (2). Penyakit ini bersifat menahun (kronis) dan bila tidak mendapatkan pengobatan, dapat menimbulkan cacat menetap berupa pembesaran kaki, lengan dan alat kelamin baik perempuan maupun laki-laki. Penyakit Kaki Gajah bukanlah penyakit yang mematikan, namun demikian bagi penderita mungkin menjadi sesuatu yang dirasakan memalukan bahkan dapat mengganggu aktifitas (3).       Nematoda (sejenis cacing darah-jaringan) dari Genus Filaria, yang penularannya pada manusia melalui gigitan berbagai spesies nyamuk. Hingga saat ini, di Indonesia vektor  penular filariasis telah diketahui ada  23 spesies seperti :  Anopheles, Culex, Mansonia, Aedes, Dan Armigeres (4). Penyakit ini ditularkan melalui nyamuk yang menghisap darah seseorang yang telah tertular sebelumnya. darah yang terinfeksi dan mengandung larva dan akan ditularkan ke orang lain pada saat nyamuk yang terinfeksi menggigit atau menghisap darah orang tersebut (3).           Filariasis merupakan jenis penyakit reemerging desease, yaitu penyakit yang dulunya sempat ada, kemudian tidak ada dan sekarang muncul kembali . Kasus penderita filariasis khas ditemukan di wilayah dengan iklim sub tropis dan tropis seperti di Indonesia (5). Daerah Endemis biasanya merupakan daerah dataran rendah yang berawa dengan di sana-sini dikelilingi oleh daerah yang bersemak belukar dan berhutan (6). Filariasis pertama kali ditemukan di Indonesia pada tahun 1877, setelah itu tidak muncul dan sekarang muncul kembali. Filariasis tersebar luas hampir di seluruh Propinsi di Indonesia (5).\r\n\r\nToday Deal $50 Off : https://goo.gl/efW8Ef'),
('PYKT016010', 'Demam Berdarah', 0.002867, 'Nyamuk Aedes Aegypti tersebar luas baik di rumah-rumah maupun di tempat-tempat umum, maka untuk memberantas penyakit DBD diperlukan peran serta masyarakat khususnya dalam memberantas nyamuk penularnya, guna mencegah dan membatasi penyebaran penyakit. Pengendalian nyamuk tersebut dapat dilakukan dengan menggunakan beberapa metode yang tepat(14)\r\n\r\nToday Deal $50 Off : https://goo.gl/efW8Ef', 'Pengobatan penderita demam berdarah dapat dilakukan dengan cara(17) :  Mengganti cairan tubuh Penderita diberi minum sebanyak 1,5- 2 liter dalam 24 jam.   Gastroenteritis oral solution/ kristal diare yaitu garam elektrolit (oralit) kalo perlu 1 sendok makan setiap 3- 5 menit.  Belum ada obat untuk melumpuhkan virus dengue. Yang dilakukan dalam penanggulangan DBD hanya memberikan infus sedini mungkin.(9) Contoh cara menanggulangi anak sakit demam berdarah(18) Bila anak tidak muntah-muntah, berikan minum banyak. Tujuan utamanya adalah mengganti cairan yang merembes melalui dinding pembuluh darah. Untuk menurukan demam boleh diberi obat penurun panas, sebaiknya dari golongan parasetamol seperti panadol atau tempra. Atau anak dikompres dingin pada jidat, puncak kepala atau di atas dada sebelah kiri. Kesulitan timbul bila anak muntah muntah terus. Sampai apapun yang masuk langsung dimuntahkan. Pada kondisi begini anak harus dilarikan kerumah sakit untuk diberikan cairan melalui infus.\r\n\r\nToday Deal $50 Off : https://goo.gl/efW8Ef', '2016-10-15', 'Nama penyakit Demam Berdarah bisa membuat kita merinding bila mendengarnya. penyakit demam berdarah ini menggiring penderitanya dalam kondisi yang parah hanya dalam waktu yang relatif singkat tetapi tidak sedikit kasus yang berakhir dengan kematian. Dari tahun ke tahun jumlah penderita penyakit ini semakin meningkat.  Bahkan di musim hujan hampir tidak ada daerah di Indonesia yang terbebas dari serangan penyakit demam berdarah.  Salah satu penyebabnya, yaitu pengaruh globalisasi dan mobilisasi yang semakin tinggi. Hal ini turut mempermudah penyebaran penyakit demam berdarah. Oleh karena itu cukup sulit menghindari penyakit demam berdarah. Penyakit Demam berdarah ini disebabkan oleh virus dengue, virus ini disebarkan oleh nyamuk aedes aegypty yang berperan sebagai vektor dan hostnya dalah manusia yang rentan terkena penyakit ini. Lingkungan juga memegang peran penting dalam penyebaran penyakit ini karena dengan adanya interaksi antara lingkungan dengan manusia menyebabkan manusia menjadi lebih mudah terpapar dengan penyakit ini.  Belum ada obat untuk melumpuhkan virus dengue. Yang dilakukan dalam penanggulangan DBD hanya memberikan infus sedini mungkin untuk menghindari kegagalan sirkulasi darah. Maka untuk memberantas penyakit DBD diperlukan peran serta masyarakat khususnya dalam memberantas nyamuk penularnya, guna mencegah dan membatasi penyebaran penyakit. Pengendalian nyamuk tersebut dapat dilakukan dengan menggunakan beberapa metode yang tepat sesuai dengan kondisi setempat\r\n\r\nToday Deal $50 Off : https://goo.gl/efW8Ef'),
('PYKT016011', 'Chikungunya', 0.000067, 'Pencegahan dilakukan dengan cara mengendalikan vektor pembawa virus Chikungunya, yaitu nyamuk dan menghindari gigitannya. 13\r\nKegiatan-kegiatan yang dapat dilakukan meliputi :\r\na. Pembersihan jentik\r\n- Program pemberantasan sarang nyamuk (PSN)\r\n- Larvasidasi\r\n- Kuras tempat penyimpanan air (bak mandi, drum, dll) seminggu sekali\r\n- Tutup tempat penympanan air\r\n- Ganti air dalam vas bunga dan pot tanaman\r\n- Kubur sampah yang bisa menampung air\r\n- Untuk tempat-tempat air yang tidak mungkin atau sulit dikuras, taburkan bubuk Abate ke dalam genangan air tersebut untuk membunuh jentik-jentik nyamuk. Ulangi hal ini setiap 2-3 bulan sekali atau peliharalah ikan ditempat itu.\r\n- Takaran penggunaan bubuk Abate adalah sebagai berikut : untuk 10 liter air cukup dengan 1 gram bubuk Abate atau 10 gram untuk 100 liter dan seterusnya. Bila tidak ada alat untuk menakar, gunakan sendok makan. Satu sendok makan peres (yang diratakan diatasnya) berisi 10 gram Abate. Anda tinggal membaginya atau menambahnya sesuai dengan banyaknya air yang akan diabatisasi. Takaran tak perlu tepat betul.', 'Tidak ada obat khusus untuk menyembuhkan penyakit. Pengobatan hanya ditujukan untuk menghilangkan gejala-gejala, termasuk nyeri sendi. Tidak ada vaksin khusus untuk chikungunya. 13\r\nPengobatan untuk menghilangkan rasa nyeri meliputi :\r\n1. Pengobatan Suportif\r\n2. Analgesik\r\n3. Infus bila perlu\r\nMortalitas yang disebabkan infeksi Chikungunya tergolong rendah, mengakibatkan perkembangan vaksin Chikungunya mendapat prioritas yang kurang dalam kesehatan masyarakat.14', '2016-10-15', 'Secara etimologis, Chikungunya berasal dari kata Kungunyala, sebuah kata dari bahasa Makoude Tanzania yang berarti "yang melengkung", yang tepat menggambarkan seorang pasien yang tampak membungkuk karena artritis berat. Chikungunya dalam bahasa Swahili berarti kejang urat . 3\r\nPenyakit ini ditandai dengan demam, mialgia atau artralgia, ruam kulit, leucopenia, dan limfadenopati. 4 Istilah lain untuk demam ini adalah: knokket, koorts, abu rokab, mal de genoux, dengue, dyenga, dan demam tiga hari. Karena vektornya nyamuk, chikungunya tergolong arthropod-borne disease, yaitu penyakit yang disebarkan oleh artropoda. 13\r\nVirus chikungunya adalah virus yang termasuk dalam genus virus alfa dari famili Togaviridae. Virus ini berbentuk sferis dengan ukuran diameter sekitar 42 nm. Virus ini bersama dengan virus Oâ€™nyong-nyong dari genus virus alfa dan virus penyebab penyakit â€˜Demam Nil Baratâ€™ dari genus virus flavi menyebabkan gejala penyakit mirip dengue. 13'),
('PYKT016012', 'Malaria', 0.065805, 'Tindakan perlindungan pribadi dapat sangat mengurangi risiko digigit nyamuk anopheles. Karena kebiasaan makan nyamuk pada malam hari, penularan malaria terjadi terutama antara fajar dan senja. Pertama, penggunaan kelambu (jika ruangan tidak menggunakan AC). Pemanambahan proteksi dapat dilakukan untuk mendapatkan tingkat perlindungan sampai 3 bulan atau lebih, yaitu kelambu dapat direndam dalam larutan insektisida permethrin 1%. Jika penduduk tinggal di daerah malaria, tirai dapat diberi insektisida dengan cara yang sama. Saat ini sudah bisa didapatkan kelambu yang sudah dilapisi insektisida di puskesmas terdekat. Kedua, Penggunaan obat nyamuk semprot yang mengandung pyrethoids. Semprot insektisida di tempat gelap dan tidak lembab di mana nyamuk biasa berada. Ketiga, hindari menggunakan pakaian berwarna gelap parfum, dan cologne di malam hari karena ini semua dapat menarik  perhatian nyamuk. Keempat,  menggunakan lotion anti nyamuk. DEET (diethylmethylbenzamide) merupakan komponen yang aman dan efektif. Konsentrasi sebenarnya DEET sangat bervariasi. Pilih lotion dengan kadar DEET antara 30 sampai 45% (kecuali pada wanita hamil di mana konsentrasi lotion harus lebih kecil dari 35%). Lotion dengan bahan aktif DEET dapat bertahan sampai 4 jam. Kelima, membunuh nyamuk dan larva. Nyamuk anopheles berkembang biak di genangan air, sehingga kita harus membersihkan lingkungan tambak dan lubang-lubang di tanah, serta menutup wadah air semua dan setiap benda yang dapat menjebak air hujan.', 'Malaria biasanya diobati secara oral (minum obat), dengan kombinasi beberapa obat, tetapi pada keadaan-keadaan tertentu dimana penderita Malaria tidak dapat minum obat, maka harus dilakukan pengobatan intra vena (lewat alat infus). Malaria tropika diobati dengan menggunakan kombinasi tiga obat, yaitu: artesunat, amodiakuin, dan primakuin. Apabila dalam waktu tiga hari belum menunjukkan kesembuhan, maka dilanjutkan dengan kombinasi tiga obat selanjutnya, yaitu doksisiklin, kina, dan primakuin. Sedangkan pada malaria tertiana, kuartana, dan ovale, diobati dengan dua kombinasi obat yaitu: klorokuin dan primakuin. Apabila dalam waktu tiga hari belum menunjukkan kesembuhan, maka dilanjutkan dengan kombinasi dua obat selanjutnya, yaitu kina dan primakuin. Artem adalah obat pilihan untuk penderita yang tidak bisa lagi minum obat lewat mulut. Malaria pada anak dan wanita hamil memerlukan penanganan lebih intensif, karena tidak semua pengobatan bisa dilakukan pada dua keadaan ini.', '2016-10-25', 'Penyakit malaria adalah penyakit yang disebabkan oleh parasit dari genus Plasmodium yang termasuk golongan protozoa melalui perantaraan tusukan (gigitan) nyamuk Anopheles spp. Indonesia merupakan salah satu negara yang memiliki endemisitas tinggi (Oswari, 2003).\r\n Malaria maupun penyakit yang menyerupai malaria telah diketahui ada selama lebih dari 4.000 tahun yang lalu. Malaria dikenal secara luas di daerah Yunani pada abad ke-4 SM dan dipercaya sebagai penyebab utama berkurangnya penduduk kota. Penyakit malaria sudah dikenal sejak tahun 1753, tetapi baru ditemukan parasit dalam darah oleh Alphonse Laxeran tahun 1880. Untuk mewarnai parasit, pada tahun 1883 Marchiafava menggunakan metilen biru sehingga morfologi parasit ini lebih mudah dipelajari. Siklus hidup plasmodium di dalam tubuh nyamuk dipelajari oleh Ross dan Binagmi pada tahun 1898 dan kemudian pada tahun 1900 oleh Patrick Manson dapat dibuktikan bahwa nyamuk adalah vektor penular malaria (Hiswani, 2004).');

-- --------------------------------------------------------

--
-- Table structure for table `statistik`
--

CREATE TABLE IF NOT EXISTS `statistik` (
`id_statistik` int(12) NOT NULL,
  `ip` varchar(15) NOT NULL,
  `os` varchar(30) NOT NULL,
  `browser` varchar(30) NOT NULL,
  `page` varchar(10) NOT NULL,
  `id_pakar` varchar(12) NOT NULL,
  `hari` date NOT NULL,
  `jam` time NOT NULL
) ENGINE=InnoDB  DEFAULT CHARSET=latin1 AUTO_INCREMENT=2069 ;

--
-- Dumping data for table `statistik`
--

INSERT INTO `statistik` (`id_statistik`, `ip`, `os`, `browser`, `page`, `id_pakar`, `hari`, `jam`) VALUES
(862, '::1', 'Windows 8', 'Google Chrome v.54.0.2840.99', 'Home', 'USER016001', '2016-12-04', '20:59:04'),
(863, '::1', 'Windows 8', 'Google Chrome v.54.0.2840.99', 'Profile', 'USER016001', '2016-12-04', '20:59:19'),
(864, '::1', 'Windows 8', 'Google Chrome v.54.0.2840.99', 'Diagnosa', 'USER016001', '2016-12-04', '20:59:26'),
(865, '::1', 'Windows 8', 'Google Chrome v.54.0.2840.99', 'History', 'USER016001', '2016-12-04', '20:59:41'),
(866, '::1', 'Windows 8', 'Google Chrome v.54.0.2840.99', 'Diagnosa', 'USER016001', '2016-12-04', '21:03:01'),
(867, '::1', 'Windows 8', 'Google Chrome v.54.0.2840.99', 'History', 'USER016001', '2016-12-04', '21:03:04'),
(868, '::1', 'Windows 8', 'Google Chrome v.54.0.2840.99', 'History', 'USER016001', '2016-12-04', '21:03:09'),
(869, '::1', 'Windows 8', 'Google Chrome v.54.0.2840.99', 'History', 'USER016001', '2016-12-04', '21:03:11'),
(870, '::1', 'Windows 8', 'Google Chrome v.54.0.2840.99', 'Diagnosa', 'USER016001', '2016-12-04', '21:03:13'),
(871, '::1', 'Windows 8', 'Google Chrome v.54.0.2840.99', 'Diagnosa', 'USER016001', '2016-12-04', '21:03:14'),
(872, '::1', 'Windows 8', 'Google Chrome v.54.0.2840.99', 'History', 'USER016001', '2016-12-04', '21:03:21'),
(873, '::1', 'Windows 8', 'Google Chrome v.54.0.2840.99', 'Diagnosa', 'USER016001', '2016-12-04', '21:04:06'),
(874, '::1', 'Windows 8', 'Google Chrome v.54.0.2840.99', 'Diagnosa', 'USER016001', '2016-12-04', '21:04:07'),
(875, '::1', 'Windows 8', 'Google Chrome v.54.0.2840.99', 'History', 'USER016001', '2016-12-04', '21:04:12'),
(876, '::1', 'Windows 8', 'Google Chrome v.54.0.2840.99', 'Diagnosa', 'USER016001', '2016-12-04', '21:06:58'),
(877, '::1', 'Windows 8', 'Google Chrome v.54.0.2840.99', 'History', 'USER016001', '2016-12-04', '21:07:07'),
(878, '::1', 'Windows 8', 'Google Chrome v.54.0.2840.99', 'Diagnosa', 'USER016001', '2016-12-04', '21:07:29'),
(879, '::1', 'Windows 8', 'Google Chrome v.54.0.2840.99', 'History', 'USER016001', '2016-12-04', '21:07:34'),
(880, '::1', 'Windows 8', 'Google Chrome v.54.0.2840.99', 'Diagnosa', 'USER016001', '2016-12-04', '21:11:32'),
(881, '::1', 'Windows 8', 'Google Chrome v.54.0.2840.99', 'History', 'USER016001', '2016-12-04', '21:11:40'),
(882, '::1', 'Windows 8', 'Google Chrome v.54.0.2840.99', 'History', 'USER016001', '2016-12-04', '21:13:13'),
(883, '::1', 'Windows 8', 'Google Chrome v.54.0.2840.99', 'History', 'USER016001', '2016-12-04', '21:13:53'),
(884, '::1', 'Windows 8', 'Google Chrome v.54.0.2840.99', 'History', 'USER016001', '2016-12-04', '21:14:57'),
(885, '::1', 'Windows 8', 'Google Chrome v.54.0.2840.99', 'History', 'USER016001', '2016-12-04', '21:18:40'),
(886, '::1', 'Windows 8', 'Google Chrome v.54.0.2840.99', 'History', 'USER016001', '2016-12-04', '21:18:42'),
(887, '::1', 'Windows 8', 'Google Chrome v.54.0.2840.99', 'History', 'USER016001', '2016-12-04', '21:18:57'),
(888, '::1', 'Windows 8', 'Google Chrome v.54.0.2840.99', 'Diagnosa', 'USER016001', '2016-12-04', '21:19:04'),
(889, '::1', 'Windows 8', 'Google Chrome v.54.0.2840.99', 'History', 'USER016001', '2016-12-04', '21:19:11'),
(890, '::1', 'Windows 8', 'Google Chrome v.54.0.2840.99', 'Home', 'USER016001', '2016-12-04', '21:20:37'),
(891, '::1', 'Windows 8', 'Google Chrome v.54.0.2840.99', 'Aturan', 'USER016001', '2016-12-04', '21:20:39'),
(892, '::1', 'Windows 8', 'Google Chrome v.54.0.2840.99', 'Statistik', 'USER016001', '2016-12-04', '21:20:47'),
(893, '::1', 'Windows 8', 'Google Chrome v.54.0.2840.99', 'History', 'USER016001', '2016-12-04', '21:20:50'),
(894, '::1', 'Windows 8', 'Google Chrome v.54.0.2840.99', 'Diagnosa', 'USER016001', '2016-12-04', '21:23:10'),
(895, '::1', 'Windows 8', 'Google Chrome v.54.0.2840.99', 'Profile', 'USER016001', '2016-12-04', '21:23:13'),
(896, '::1', 'Windows 8', 'Google Chrome v.54.0.2840.99', 'History', 'USER016001', '2016-12-04', '21:23:16'),
(897, '::1', 'Windows 8', 'Google Chrome v.54.0.2840.99', 'History', 'USER016001', '2016-12-04', '21:24:52'),
(898, '::1', 'Windows 8', 'Google Chrome v.54.0.2840.99', 'Home', 'USER016001', '2016-12-04', '21:27:28'),
(899, '::1', 'Windows 8', 'Google Chrome v.54.0.2840.99', 'Home', 'USER016001', '2016-12-04', '21:28:10'),
(900, '::1', 'Windows 8', 'Google Chrome v.54.0.2840.99', 'Profile', 'USER016001', '2016-12-04', '21:28:13'),
(901, '::1', 'Windows 8', 'Google Chrome v.54.0.2840.99', 'History', 'USER016001', '2016-12-04', '21:28:15'),
(902, '::1', 'Windows 8', 'Google Chrome v.54.0.2840.99', 'History', 'USER016001', '2016-12-04', '21:37:44'),
(903, '::1', 'Windows 8', 'Google Chrome v.54.0.2840.99', 'History', 'USER016001', '2016-12-04', '21:38:04'),
(904, '::1', 'Windows 8', 'Google Chrome v.54.0.2840.99', 'History', 'USER016001', '2016-12-04', '21:40:00'),
(905, '::1', 'Windows 8', 'Google Chrome v.54.0.2840.99', 'History', 'USER016001', '2016-12-04', '21:40:33'),
(906, '::1', 'Windows 8', 'Google Chrome v.54.0.2840.99', 'History', 'USER016001', '2016-12-04', '21:42:47'),
(907, '::1', 'Windows 8', 'Google Chrome v.54.0.2840.99', 'Profile', 'USER016001', '2016-12-04', '21:44:57'),
(908, '::1', 'Windows 8', 'Google Chrome v.54.0.2840.99', 'History', 'USER016001', '2016-12-04', '21:44:59'),
(909, '::1', 'Windows 8', 'Google Chrome v.54.0.2840.99', 'Profile', 'USER016001', '2016-12-04', '21:52:10'),
(910, '::1', 'Windows 8', 'Google Chrome v.54.0.2840.99', 'History', 'USER016001', '2016-12-04', '21:52:14'),
(911, '::1', 'Windows 8', 'Google Chrome v.54.0.2840.99', 'Penyakit', 'USER016001', '2016-12-04', '21:56:43'),
(912, '::1', 'Windows 8', 'Google Chrome v.54.0.2840.99', 'Penyakit', 'USER016001', '2016-12-04', '21:58:16'),
(913, '::1', 'Windows 8', 'Google Chrome v.54.0.2840.99', 'Penyakit', 'USER016001', '2016-12-04', '21:59:04'),
(914, '::1', 'Windows 8', 'Google Chrome v.54.0.2840.99', 'Profile', 'USER016001', '2016-12-04', '21:59:09'),
(915, '::1', 'Windows 8', 'Google Chrome v.54.0.2840.99', 'History', 'USER016001', '2016-12-04', '21:59:13'),
(916, '::1', 'Windows 8', 'Google Chrome v.54.0.2840.99', 'Laporan', 'USER016001', '2016-12-04', '22:00:51'),
(917, '::1', 'Windows 8', 'Google Chrome v.54.0.2840.99', 'Penyakit', 'USER016001', '2016-12-04', '22:00:55'),
(918, '::1', 'Windows 8', 'Google Chrome v.54.0.2840.99', 'Penyakit', 'USER016001', '2016-12-04', '22:01:43'),
(919, '::1', 'Windows 8', 'Google Chrome v.54.0.2840.99', 'Profile', 'USER016001', '2016-12-04', '22:01:47'),
(920, '::1', 'Windows 8', 'Google Chrome v.54.0.2840.99', 'History', 'USER016001', '2016-12-04', '22:01:50'),
(921, '::1', 'Windows 8', 'Google Chrome v.54.0.2840.99', 'Penyakit', 'USER016001', '2016-12-04', '22:04:10'),
(922, '::1', 'Windows 8', 'Google Chrome v.54.0.2840.99', 'Penyakit', 'USER016001', '2016-12-04', '22:05:16'),
(923, '::1', 'Windows 8', 'Google Chrome v.54.0.2840.99', 'Penyakit', 'USER016001', '2016-12-04', '22:06:39'),
(924, '::1', 'Windows 8', 'Google Chrome v.54.0.2840.99', 'Penyakit', 'USER016001', '2016-12-04', '22:06:50'),
(925, '::1', 'Windows 8', 'Google Chrome v.54.0.2840.99', 'Penyakit', 'USER016001', '2016-12-04', '22:06:56'),
(926, '::1', 'Windows 8', 'Google Chrome v.54.0.2840.99', 'Penyakit', 'USER016001', '2016-12-04', '22:07:03'),
(927, '::1', 'Windows 8', 'Google Chrome v.54.0.2840.99', 'Penyakit', 'USER016001', '2016-12-04', '22:07:07'),
(928, '::1', 'Windows 8', 'Google Chrome v.54.0.2840.99', 'Penyakit', 'USER016001', '2016-12-04', '22:08:44'),
(929, '::1', 'Windows 8', 'Google Chrome v.54.0.2840.99', 'Penyakit', 'USER016001', '2016-12-04', '22:08:51'),
(930, '::1', 'Windows 8', 'Google Chrome v.54.0.2840.99', 'Penyakit', 'USER016001', '2016-12-04', '22:08:58'),
(931, '::1', 'Windows 8', 'Google Chrome v.54.0.2840.99', 'Penyakit', 'USER016001', '2016-12-04', '22:09:06'),
(932, '::1', 'Windows 8', 'Google Chrome v.54.0.2840.99', 'Penyakit', 'USER016001', '2016-12-04', '22:09:10'),
(933, '::1', 'Windows 8', 'Google Chrome v.54.0.2840.99', 'Penyakit', 'USER016001', '2016-12-04', '22:14:34'),
(934, '::1', 'Windows 8', 'Google Chrome v.54.0.2840.99', 'Diagnosa', 'USER016001', '2016-12-04', '22:14:46'),
(935, '::1', 'Windows 8', 'Google Chrome v.54.0.2840.99', 'History', 'USER016001', '2016-12-04', '22:14:56'),
(936, '::1', 'Windows 8', 'Google Chrome v.54.0.2840.99', 'History', 'USER016001', '2016-12-04', '22:33:36'),
(937, '::1', 'Windows 8', 'Google Chrome v.54.0.2840.99', 'History', 'USER016001', '2016-12-04', '23:02:36'),
(938, '::1', 'Windows 8', 'Google Chrome v.54.0.2840.99', 'Penyakit', 'USER016001', '2016-12-04', '23:03:06'),
(939, '::1', 'Windows 8', 'Google Chrome v.54.0.2840.99', 'Penyakit', 'USER016001', '2016-12-04', '23:06:11'),
(940, '::1', 'Windows 8', 'Google Chrome v.54.0.2840.99', 'Penyakit', 'USER016001', '2016-12-04', '23:10:46'),
(941, '::1', 'Windows 8', 'Google Chrome v.54.0.2840.99', 'Penyakit', 'USER016001', '2016-12-04', '23:10:53'),
(942, '::1', 'Windows 8', 'Google Chrome v.54.0.2840.99', 'Statistik', 'USER016001', '2016-12-04', '23:11:09'),
(943, '::1', 'Windows 8', 'Google Chrome v.54.0.2840.99', 'Home', 'USER016001', '2016-12-04', '23:11:23'),
(944, '::1', 'Windows 8', 'Google Chrome v.54.0.2840.99', 'Profile', 'USER016001', '2016-12-04', '23:11:40'),
(945, '::1', 'Windows 8', 'Google Chrome v.54.0.2840.99', 'Home', 'USER016001', '2016-12-04', '23:12:20'),
(946, '::1', 'Windows 8', 'Google Chrome v.54.0.2840.99', 'Home', 'USER016001', '2016-12-04', '23:14:28'),
(947, '::1', 'Windows 8', 'Google Chrome v.54.0.2840.99', 'Profile', 'USER016001', '2016-12-04', '23:14:33'),
(948, '::1', 'Windows 8', 'Google Chrome v.54.0.2840.99', 'Gejala', 'USER016001', '2016-12-04', '23:18:24'),
(949, '::1', 'Windows 8', 'Google Chrome v.54.0.2840.99', 'Laporan', 'USER016001', '2016-12-04', '23:18:37'),
(950, '::1', 'Windows 8', 'Google Chrome v.54.0.2840.99', 'Aturan', 'USER016001', '2016-12-04', '23:18:51'),
(951, '::1', 'Windows 8', 'Google Chrome v.54.0.2840.99', 'Aturan', 'USER016001', '2016-12-04', '23:19:09'),
(952, '::1', 'Windows 8', 'Google Chrome v.54.0.2840.99', 'Aturan', 'USER016001', '2016-12-04', '23:19:25'),
(953, '::1', 'Windows 8', 'Google Chrome v.54.0.2840.99', 'Aturan', 'USER016001', '2016-12-04', '23:19:40'),
(954, '::1', 'Windows 8', 'Google Chrome v.54.0.2840.99', 'Aturan', 'USER016001', '2016-12-04', '23:20:12'),
(955, '::1', 'Windows 8', 'Google Chrome v.54.0.2840.99', 'Aturan', 'USER016001', '2016-12-04', '23:23:33'),
(956, '::1', 'Windows 8', 'Google Chrome v.54.0.2840.99', 'Laporan', 'USER016001', '2016-12-04', '23:23:41'),
(957, '::1', 'Windows 8', 'Google Chrome v.54.0.2840.99', 'Aturan', 'USER016001', '2016-12-04', '23:23:47'),
(958, '::1', 'Windows 8', 'Google Chrome v.54.0.2840.99', 'Aturan', 'USER016001', '2016-12-04', '23:24:01'),
(959, '::1', 'Windows 8', 'Google Chrome v.54.0.2840.99', 'Aturan', 'USER016001', '2016-12-04', '23:24:17'),
(960, '::1', 'Windows 8', 'Google Chrome v.54.0.2840.99', 'Aturan', 'USER016001', '2016-12-04', '23:24:27'),
(961, '::1', 'Windows 8', 'Google Chrome v.54.0.2840.99', 'Profile', 'USER016001', '2016-12-04', '23:24:57'),
(962, '::1', 'Windows 8', 'Google Chrome v.54.0.2840.99', 'Aturan', 'USER016001', '2016-12-04', '23:25:06'),
(963, '::1', 'Windows 8', 'Google Chrome v.54.0.2840.99', 'Diagnosa', 'USER016001', '2016-12-04', '23:25:08'),
(964, '::1', 'Windows 8', 'Google Chrome v.54.0.2840.99', 'History', 'USER016001', '2016-12-04', '23:25:17'),
(965, '::1', 'Windows 8', 'Google Chrome v.54.0.2840.99', 'Member', 'USER016001', '2016-12-04', '23:28:02'),
(966, '::1', 'Windows 8', 'Google Chrome v.54.0.2840.99', 'Laporan', 'USER016001', '2016-12-04', '23:28:23'),
(967, '::1', 'Windows 8', 'Google Chrome v.54.0.2840.99', 'History', 'USER016001', '2016-12-04', '23:29:00'),
(968, '::1', 'Windows 8', 'Google Chrome v.54.0.2840.99', 'History', 'USER016001', '2016-12-04', '23:29:14'),
(969, '::1', 'Windows 8', 'Google Chrome v.54.0.2840.99', 'Profile', 'USER016001', '2016-12-04', '23:31:37'),
(970, '::1', 'Windows 8', 'Google Chrome v.54.0.2840.99', 'Profile', 'USER016001', '2016-12-04', '23:34:17'),
(971, '::1', 'Windows 8', 'Google Chrome v.54.0.2840.99', 'Profile', 'USER016001', '2016-12-04', '23:37:17'),
(972, '::1', 'Windows 8', 'Google Chrome v.54.0.2840.99', 'Home', 'USER016001', '2016-12-04', '23:37:22'),
(973, '::1', 'Windows 8', 'Google Chrome v.54.0.2840.99', 'Profile', 'USER016001', '2016-12-04', '23:38:17'),
(974, '::1', 'Windows 8', 'Google Chrome v.54.0.2840.99', 'Profile', 'USER016001', '2016-12-04', '23:38:26'),
(975, '::1', 'Windows 8', 'Google Chrome v.54.0.2840.99', 'Profile', 'USER016001', '2016-12-04', '23:38:43'),
(976, '::1', 'Windows 8', 'Google Chrome v.54.0.2840.99', 'Profile', 'USER016001', '2016-12-04', '23:39:03'),
(977, '::1', 'Windows 8', 'Google Chrome v.54.0.2840.99', 'Profile', 'USER016001', '2016-12-04', '23:39:09'),
(978, '::1', 'Windows 8', 'Google Chrome v.54.0.2840.99', 'Profile', 'USER016001', '2016-12-04', '23:39:18'),
(979, '::1', 'Windows 8', 'Google Chrome v.54.0.2840.99', 'Diagnosa', 'USER016001', '2016-12-04', '23:39:24'),
(980, '::1', 'Windows 8', 'Google Chrome v.54.0.2840.99', 'History', 'USER016001', '2016-12-04', '23:39:28'),
(981, '::1', 'Windows 8', 'Google Chrome v.54.0.2840.99', 'Aturan', 'USER016001', '2016-12-04', '23:39:46'),
(982, '::1', 'Windows 8', 'Google Chrome v.54.0.2840.99', 'Profile', 'USER016001', '2016-12-04', '23:40:31'),
(983, '::1', 'Windows 8', 'Google Chrome v.54.0.2840.99', 'History', 'USER016001', '2016-12-04', '23:40:35'),
(984, '::1', 'Windows 8', 'Google Chrome v.54.0.2840.99', 'Aturan', 'USER016001', '2016-12-05', '00:04:29'),
(985, '::1', 'Windows 8', 'Google Chrome v.54.0.2840.99', 'Profile', 'USER016001', '2016-12-05', '00:15:54'),
(986, '::1', 'Windows 8', 'Google Chrome v.54.0.2840.99', 'History', 'USER016001', '2016-12-05', '00:15:59'),
(987, '::1', 'Windows 8', 'Google Chrome v.54.0.2840.99', 'Profile', 'USER016001', '2016-12-05', '00:35:28'),
(988, '::1', 'Windows 8', 'Google Chrome v.54.0.2840.99', 'Profile', 'USER016001', '2016-12-05', '00:35:31'),
(989, '::1', 'Windows 8', 'Google Chrome v.54.0.2840.99', 'Diagnosa', 'USER016001', '2016-12-05', '00:35:34'),
(990, '::1', 'Windows 8', 'Google Chrome v.54.0.2840.99', 'History', 'USER016001', '2016-12-05', '00:35:39'),
(991, '::1', 'Windows 8', 'Google Chrome v.54.0.2840.99', 'Profile', 'USER016001', '2016-12-05', '00:35:54'),
(992, '::1', 'Windows 8', 'Google Chrome v.54.0.2840.99', 'Profile', 'USER016001', '2016-12-05', '00:36:06'),
(993, '::1', 'Windows 8', 'Google Chrome v.54.0.2840.99', 'Profile', 'USER016001', '2016-12-05', '00:36:22'),
(994, '::1', 'Windows 8', 'Google Chrome v.54.0.2840.99', 'Diagnosa', 'USER016001', '2016-12-05', '00:36:27'),
(995, '::1', 'Windows 8', 'Google Chrome v.54.0.2840.99', 'History', 'USER016001', '2016-12-05', '00:36:31'),
(996, '::1', 'Windows 8', 'Google Chrome v.54.0.2840.99', 'Profile', 'USER016001', '2016-12-05', '00:36:41'),
(997, '::1', 'Windows 8', 'Google Chrome v.54.0.2840.99', 'Profile', 'USER016001', '2016-12-05', '00:38:24'),
(998, '::1', 'Windows 8', 'Google Chrome v.54.0.2840.99', 'Profile', 'USER016001', '2016-12-05', '00:38:27'),
(999, '::1', 'Windows 8', 'Google Chrome v.54.0.2840.99', 'Home', 'USER016001', '2016-12-05', '00:38:41'),
(1000, '::1', 'Windows 8', 'Google Chrome v.54.0.2840.99', 'Profile', 'USER016001', '2016-12-05', '00:38:45'),
(1001, '::1', 'Windows 8', 'Google Chrome v.54.0.2840.99', 'Home', 'USER016001', '2016-12-05', '00:39:11'),
(1002, '::1', 'Windows 8', 'Google Chrome v.54.0.2840.99', 'Profile', 'USER016001', '2016-12-05', '00:39:14'),
(1003, '::1', 'Windows 8', 'Google Chrome v.54.0.2840.99', 'Profile', 'USER016001', '2016-12-05', '00:40:11'),
(1004, '::1', 'Windows 8', 'Google Chrome v.54.0.2840.99', 'Diagnosa', 'USER016001', '2016-12-05', '00:40:14'),
(1005, '::1', 'Windows 8', 'Google Chrome v.54.0.2840.99', 'History', 'USER016001', '2016-12-05', '00:40:25'),
(1006, '::1', 'Windows 8', 'Google Chrome v.54.0.2840.99', 'Profile', 'USER016001', '2016-12-05', '00:40:37'),
(1007, '::1', 'Windows 8', 'Google Chrome v.54.0.2840.99', 'Diagnosa', 'USER016001', '2016-12-05', '00:40:42'),
(1008, '::1', 'Windows 8', 'Google Chrome v.54.0.2840.99', 'History', 'USER016001', '2016-12-05', '00:40:46'),
(1009, '::1', 'Windows 8', 'Google Chrome v.54.0.2840.99', 'Profile', 'USER016001', '2016-12-05', '00:41:08'),
(1010, '::1', 'Windows 8', 'Google Chrome v.54.0.2840.99', 'Profile', 'USER016001', '2016-12-05', '00:48:14'),
(1011, '::1', 'Windows 8', 'Google Chrome v.54.0.2840.99', 'Home', 'USER016001', '2016-12-05', '07:50:00'),
(1012, '::1', 'Windows 8', 'Google Chrome v.54.0.2840.99', 'Diagnosa', 'USER016001', '2016-12-05', '07:50:06'),
(1013, '::1', 'Windows 8', 'Google Chrome v.54.0.2840.99', 'History', 'USER016001', '2016-12-05', '07:50:12'),
(1014, '::1', 'Windows 8', 'Google Chrome v.54.0.2840.99', 'Profile', 'USER016001', '2016-12-05', '07:50:42'),
(1015, '::1', 'Windows 8', 'Google Chrome v.54.0.2840.99', 'Aturan', 'USER016001', '2016-12-05', '07:50:54'),
(1016, '::1', 'Windows 8', 'Google Chrome v.54.0.2840.99', 'Diagnosa', 'USER016001', '2016-12-05', '07:50:56'),
(1017, '::1', 'Windows 8', 'Google Chrome v.54.0.2840.99', 'History', 'USER016001', '2016-12-05', '07:50:59'),
(1018, '::1', 'Windows 8', 'Google Chrome v.54.0.2840.99', 'Profile', 'USER016001', '2016-12-05', '07:51:08'),
(1019, '::1', 'Windows 8', 'Google Chrome v.54.0.2840.99', 'History', 'USER016001', '2016-12-05', '07:51:21'),
(1020, '::1', 'Windows 8', 'Google Chrome v.54.0.2840.99', 'Diagnosa', 'USER016001', '2016-12-05', '07:51:55'),
(1021, '::1', 'Windows 8', 'Google Chrome v.54.0.2840.99', 'Diagnosa', 'USER016001', '2016-12-05', '07:52:59'),
(1022, '::1', 'Windows 8', 'Google Chrome v.54.0.2840.99', 'Diagnosa', 'USER016001', '2016-12-05', '07:53:22'),
(1023, '::1', 'Windows 8', 'Google Chrome v.54.0.2840.99', 'Diagnosa', 'USER016001', '2016-12-05', '07:55:45'),
(1024, '::1', 'Windows 8', 'Google Chrome v.54.0.2840.99', 'History', 'USER016001', '2016-12-05', '07:56:38'),
(1025, '::1', 'Windows 8', 'Google Chrome v.54.0.2840.99', 'Profile', 'USER016001', '2016-12-05', '07:56:48'),
(1026, '::1', 'Windows 8', 'Google Chrome v.54.0.2840.99', 'Profile', 'USER016001', '2016-12-05', '07:56:52'),
(1027, '::1', 'Windows 8', 'Google Chrome v.54.0.2840.99', 'Profile', 'USER016001', '2016-12-05', '07:56:54'),
(1028, '::1', 'Windows 8', 'Google Chrome v.54.0.2840.99', 'Diagnosa', 'USER016001', '2016-12-05', '08:00:40'),
(1029, '::1', 'Windows 8', 'Google Chrome v.54.0.2840.99', 'History', 'USER016001', '2016-12-05', '08:01:35'),
(1030, '::1', 'Windows 8', 'Google Chrome v.54.0.2840.99', 'Profile', 'USER016001', '2016-12-05', '08:01:59'),
(1031, '::1', 'Windows 8', 'Google Chrome v.54.0.2840.99', 'Penyakit', 'USER016001', '2016-12-05', '08:06:50'),
(1032, '::1', 'Windows 8', 'Google Chrome v.54.0.2840.99', 'Aturan', 'USER016001', '2016-12-05', '08:06:52'),
(1033, '::1', 'Windows 8', 'Google Chrome v.54.0.2840.99', 'Profile', 'USER016001', '2016-12-05', '08:08:28'),
(1034, '::1', 'Windows 8', 'Google Chrome v.54.0.2840.99', 'Gejala', 'USER016001', '2016-12-05', '08:11:51'),
(1035, '::1', 'Windows 8', 'Google Chrome v.54.0.2840.99', 'Diagnosa', 'USER016001', '2016-12-05', '08:11:53'),
(1036, '::1', 'Windows 8', 'Google Chrome v.54.0.2840.99', 'History', 'USER016001', '2016-12-05', '08:12:17'),
(1037, '::1', 'Windows 8', 'Google Chrome v.54.0.2840.99', 'Diagnosa', 'USER016001', '2016-12-05', '08:13:33'),
(1038, '::1', 'Windows 8', 'Google Chrome v.54.0.2840.99', 'History', 'USER016001', '2016-12-05', '09:57:54'),
(1039, '::1', 'Windows 8', 'Google Chrome v.54.0.2840.99', 'Diagnosa', 'USER016001', '2016-12-05', '10:07:32'),
(1040, '::1', 'Windows 8', 'Google Chrome v.54.0.2840.99', 'Laporan', 'USER016001', '2016-12-05', '10:08:08'),
(1041, '::1', 'Windows 8', 'Google Chrome v.54.0.2840.99', 'Aturan', 'USER016001', '2016-12-05', '10:08:11'),
(1042, '::1', 'Windows 8', 'Google Chrome v.54.0.2840.99', 'Diagnosa', 'USER016001', '2016-12-05', '10:26:14'),
(1043, '::1', 'Windows 8', 'Google Chrome v.54.0.2840.99', 'Diagnosa', 'USER016001', '2016-12-05', '10:28:43'),
(1044, '::1', 'Windows 8', 'Google Chrome v.54.0.2840.99', 'History', 'USER016001', '2016-12-05', '10:29:16'),
(1045, '::1', 'Windows 8', 'Google Chrome v.54.0.2840.99', 'Diagnosa', 'USER016001', '2016-12-05', '10:40:14'),
(1046, '::1', 'Windows 8', 'Google Chrome v.54.0.2840.99', 'Diagnosa', 'USER016001', '2016-12-05', '10:43:28'),
(1047, '::1', 'Windows 8', 'Google Chrome v.54.0.2840.99', 'History', 'USER016001', '2016-12-05', '10:43:41'),
(1048, '::1', 'Windows 8', 'Google Chrome v.54.0.2840.99', 'Diagnosa', 'USER016001', '2016-12-05', '10:44:47'),
(1049, '::1', 'Windows 8', 'Google Chrome v.54.0.2840.99', 'Profile', 'USER016001', '2016-12-05', '10:46:14'),
(1050, '::1', 'Windows 8', 'Google Chrome v.54.0.2840.99', 'Profile', 'USER016001', '2016-12-05', '10:46:18'),
(1051, '::1', 'Windows 8', 'Google Chrome v.54.0.2840.99', 'Profile', 'USER016001', '2016-12-05', '10:46:22'),
(1052, '::1', 'Windows 8', 'Google Chrome v.54.0.2840.99', 'Profile', 'USER016001', '2016-12-05', '10:46:26'),
(1053, '::1', 'Windows 8', 'Google Chrome v.54.0.2840.99', 'Profile', 'USER016001', '2016-12-05', '10:46:42'),
(1054, '::1', 'Windows 8', 'Google Chrome v.54.0.2840.99', 'Diagnosa', 'USER016001', '2016-12-05', '10:46:53'),
(1055, '::1', 'Windows 8', 'Google Chrome v.54.0.2840.99', 'History', 'USER016001', '2016-12-05', '10:47:06'),
(1056, '::1', 'Windows 8', 'Google Chrome v.54.0.2840.99', 'Laporan', 'USER016001', '2016-12-05', '10:49:04'),
(1057, '::1', 'Windows 8', 'Google Chrome v.54.0.2840.99', 'Profile', 'USER016001', '2016-12-05', '10:49:31'),
(1058, '::1', 'Windows 8', 'Google Chrome v.54.0.2840.99', 'Aturan', 'USER016001', '2016-12-05', '11:29:15'),
(1059, '::1', 'Windows 8', 'Google Chrome v.54.0.2840.99', 'Diagnosa', 'USER016001', '2016-12-05', '11:29:25'),
(1060, '::1', 'Windows 8', 'Google Chrome v.54.0.2840.99', 'History', 'USER016001', '2016-12-05', '11:30:18'),
(1061, '::1', 'Windows 8', 'Google Chrome v.54.0.2840.99', 'Diagnosa', 'USER016001', '2016-12-05', '11:34:03'),
(1062, '::1', 'Windows 8', 'Google Chrome v.54.0.2840.99', 'Diagnosa', 'USER016001', '2016-12-05', '11:34:37'),
(1063, '::1', 'Windows 8', 'Google Chrome v.54.0.2840.99', 'Diagnosa', 'USER016001', '2016-12-05', '11:35:15'),
(1064, '::1', 'Windows 8', 'Google Chrome v.54.0.2840.99', 'Diagnosa', 'USER016001', '2016-12-05', '11:36:02'),
(1065, '::1', 'Windows 8', 'Google Chrome v.54.0.2840.99', 'Diagnosa', 'USER016001', '2016-12-05', '11:36:55'),
(1066, '::1', 'Windows 8', 'Google Chrome v.54.0.2840.99', 'Diagnosa', 'USER016001', '2016-12-05', '11:37:06'),
(1067, '::1', 'Windows 8', 'Google Chrome v.54.0.2840.99', 'Diagnosa', 'USER016001', '2016-12-05', '11:47:02'),
(1068, '::1', 'Windows 8', 'Google Chrome v.54.0.2840.99', 'Member', 'USER016001', '2016-12-05', '13:15:39'),
(1069, '::1', 'Windows 8', 'Google Chrome v.54.0.2840.99', 'Gejala', 'USER016001', '2016-12-05', '13:15:41'),
(1070, '::1', 'Windows 8', 'Google Chrome v.54.0.2840.99', 'Penyakit', 'USER016001', '2016-12-05', '13:15:43'),
(1071, '::1', 'Windows 8', 'Google Chrome v.54.0.2840.99', 'Gejala', 'USER016001', '2016-12-05', '13:15:50'),
(1072, '::1', 'Windows 8', 'Google Chrome v.54.0.2840.99', 'Aturan', 'USER016001', '2016-12-05', '13:16:14'),
(1073, '::1', 'Windows 8', 'Google Chrome v.54.0.2840.99', 'Penyakit', 'USER016001', '2016-12-05', '13:16:22'),
(1074, '::1', 'Windows 8', 'Google Chrome v.54.0.2840.99', 'History', 'USER016001', '2016-12-05', '13:20:08'),
(1075, '::1', 'Windows 8', 'Google Chrome v.54.0.2840.99', 'Diagnosa', 'USER016001', '2016-12-05', '13:21:51'),
(1076, '::1', 'Windows 8', 'Google Chrome v.54.0.2840.99', 'Diagnosa', 'USER016001', '2016-12-05', '13:25:59'),
(1077, '::1', 'Windows 8', 'Google Chrome v.54.0.2840.99', 'Diagnosa', 'USER016001', '2016-12-05', '13:27:03'),
(1078, '::1', 'Windows 8', 'Google Chrome v.54.0.2840.99', 'Diagnosa', 'USER016001', '2016-12-05', '13:27:34'),
(1079, '::1', 'Windows 8', 'Google Chrome v.54.0.2840.99', 'Diagnosa', 'USER016001', '2016-12-05', '13:28:20'),
(1080, '::1', 'Windows 8', 'Google Chrome v.54.0.2840.99', 'Diagnosa', 'USER016001', '2016-12-05', '13:31:09'),
(1081, '::1', 'Windows 8', 'Google Chrome v.54.0.2840.99', 'Diagnosa', 'USER016001', '2016-12-05', '13:31:54'),
(1082, '::1', 'Windows 8', 'Google Chrome v.54.0.2840.99', 'Diagnosa', 'USER016001', '2016-12-05', '13:32:14'),
(1083, '::1', 'Windows 8', 'Google Chrome v.54.0.2840.99', 'Diagnosa', 'USER016001', '2016-12-05', '13:35:24'),
(1084, '::1', 'Windows 8', 'Google Chrome v.54.0.2840.99', 'Profile', 'USER016001', '2016-12-05', '13:45:29'),
(1085, '::1', 'Windows 8', 'Google Chrome v.54.0.2840.99', 'Profile', 'USER016001', '2016-12-05', '13:45:43'),
(1086, '::1', 'Windows 8', 'Google Chrome v.54.0.2840.99', 'Diagnosa', 'USER016001', '2016-12-05', '13:47:02'),
(1087, '::1', 'Windows 8', 'Google Chrome v.54.0.2840.99', 'Diagnosa', 'USER016001', '2016-12-05', '13:48:33'),
(1088, '::1', 'Windows 8', 'Google Chrome v.54.0.2840.99', 'Diagnosa', 'USER016001', '2016-12-05', '19:32:49'),
(1089, '::1', 'Windows 8', 'Google Chrome v.54.0.2840.99', 'History', 'USER016001', '2016-12-05', '19:32:55'),
(1090, '::1', 'Windows 8', 'Google Chrome v.54.0.2840.99', 'History', 'USER016001', '2016-12-05', '19:35:44'),
(1091, '::1', 'Windows 8', 'Google Chrome v.54.0.2840.99', 'History', 'USER016001', '2016-12-05', '19:35:49'),
(1092, '::1', 'Windows 8', 'Google Chrome v.54.0.2840.99', 'History', 'USER016001', '2016-12-05', '19:36:18'),
(1093, '::1', 'Windows 8', 'Google Chrome v.54.0.2840.99', 'History', 'USER016001', '2016-12-05', '19:38:04'),
(1094, '::1', 'Windows 8', 'Google Chrome v.54.0.2840.99', 'History', 'USER016001', '2016-12-05', '19:40:13'),
(1095, '::1', 'Windows 8', 'Google Chrome v.54.0.2840.99', 'History', 'USER016001', '2016-12-05', '19:40:15'),
(1096, '::1', 'Windows 8', 'Google Chrome v.54.0.2840.99', 'History', 'USER016001', '2016-12-05', '19:42:11'),
(1097, '::1', 'Windows 8', 'Google Chrome v.54.0.2840.99', 'History', 'USER016001', '2016-12-05', '19:44:10'),
(1098, '::1', 'Windows 8', 'Google Chrome v.54.0.2840.99', 'History', 'USER016001', '2016-12-05', '19:44:41'),
(1099, '::1', 'Windows 8', 'Google Chrome v.54.0.2840.99', 'History', 'USER016001', '2016-12-05', '19:46:44'),
(1100, '::1', 'Windows 8', 'Google Chrome v.54.0.2840.99', 'History', 'USER016001', '2016-12-05', '19:46:58'),
(1101, '::1', 'Windows 8', 'Google Chrome v.54.0.2840.99', 'Diagnosa', 'USER016001', '2016-12-05', '19:49:13'),
(1102, '::1', 'Windows 8', 'Google Chrome v.54.0.2840.99', 'History', 'USER016001', '2016-12-05', '19:49:15'),
(1103, '::1', 'Windows 8', 'Google Chrome v.54.0.2840.99', 'Diagnosa', 'USER016001', '2016-12-05', '19:49:18'),
(1104, '::1', 'Windows 8', 'Google Chrome v.54.0.2840.99', 'History', 'USER016001', '2016-12-05', '19:50:29'),
(1105, '::1', 'Windows 8', 'Google Chrome v.54.0.2840.99', 'History', 'USER016001', '2016-12-05', '19:52:14'),
(1106, '::1', 'Windows 8', 'Google Chrome v.54.0.2840.99', 'History', 'USER016001', '2016-12-05', '19:52:30'),
(1107, '::1', 'Windows 8', 'Google Chrome v.54.0.2840.99', 'Profile', 'USER016001', '2016-12-05', '19:52:45'),
(1108, '::1', 'Windows 8', 'Google Chrome v.54.0.2840.99', 'Diagnosa', 'USER016001', '2016-12-05', '19:53:03'),
(1109, '::1', 'Windows 8', 'Google Chrome v.54.0.2840.99', 'History', 'USER016001', '2016-12-05', '19:53:21'),
(1110, '::1', 'Windows 8', 'Google Chrome v.54.0.2840.99', 'Aturan', 'USER016001', '2016-12-05', '19:54:01'),
(1111, '::1', 'Windows 8', 'Google Chrome v.54.0.2840.99', 'Laporan', 'USER016001', '2016-12-05', '19:54:11'),
(1112, '::1', 'Windows 8', 'Google Chrome v.54.0.2840.99', 'History', 'USER016001', '2016-12-05', '19:55:27'),
(1113, '::1', 'Windows 8', 'Google Chrome v.54.0.2840.99', 'Profile', 'USER016001', '2016-12-05', '19:55:39'),
(1114, '::1', 'Windows 8', 'Google Chrome v.54.0.2840.99', 'Home', 'USER016001', '2016-12-07', '13:55:47'),
(1115, '::1', 'Windows 8', 'Google Chrome v.54.0.2840.99', 'Profile', 'USER016001', '2016-12-07', '13:55:58'),
(1116, '::1', 'Windows 8', 'Google Chrome v.54.0.2840.99', 'History', 'USER016001', '2016-12-07', '13:56:01'),
(1117, '::1', 'Windows 8', 'Google Chrome v.54.0.2840.99', 'Diagnosa', 'USER016001', '2016-12-07', '13:57:05'),
(1118, '::1', 'Windows 8', 'Google Chrome v.54.0.2840.99', 'Gejala', 'USER016001', '2016-12-07', '13:57:44'),
(1119, '::1', 'Windows 8', 'Google Chrome v.54.0.2840.99', 'Laporan', 'USER016001', '2016-12-07', '13:58:03'),
(1120, '::1', 'Windows 8', 'Google Chrome v.54.0.2840.99', 'Aturan', 'USER016001', '2016-12-07', '13:58:19'),
(1121, '::1', 'Windows 8', 'Google Chrome v.54.0.2840.99', 'Aturan', 'USER016001', '2016-12-07', '13:58:23'),
(1122, '::1', 'Windows 8', 'Google Chrome v.54.0.2840.99', 'Diagnosa', 'USER016001', '2016-12-07', '13:58:26'),
(1123, '::1', 'Windows 8', 'Google Chrome v.54.0.2840.99', 'Profile', 'USER016005', '2016-12-07', '14:00:15'),
(1124, '::1', 'Windows 8', 'Google Chrome v.54.0.2840.99', 'Diagnosa', 'USER016005', '2016-12-07', '14:00:22'),
(1125, '::1', 'Windows 8', 'Google Chrome v.54.0.2840.99', 'Diagnosa', 'USER016005', '2016-12-07', '14:02:33'),
(1126, '::1', 'Windows 8', 'Google Chrome v.54.0.2840.99', 'History', 'USER016005', '2016-12-07', '14:06:22'),
(1127, '::1', 'Windows 8', 'Google Chrome v.54.0.2840.99', 'Diagnosa', 'USER016005', '2016-12-07', '14:07:34'),
(1128, '::1', 'Windows 8', 'Google Chrome v.54.0.2840.99', 'Diagnosa', 'USER016005', '2016-12-07', '14:07:38'),
(1129, '::1', 'Windows 8', 'Google Chrome v.54.0.2840.99', 'History', 'USER016005', '2016-12-07', '14:09:44'),
(1130, '::1', 'Windows 8', 'Google Chrome v.54.0.2840.99', 'Diagnosa', 'USER016005', '2016-12-07', '14:10:11'),
(1131, '::1', 'Windows 8', 'Google Chrome v.54.0.2840.99', 'History', 'USER016005', '2016-12-07', '14:10:13'),
(1132, '::1', 'Windows 8', 'Google Chrome v.54.0.2840.99', 'History', 'USER016005', '2016-12-07', '14:10:45'),
(1133, '::1', 'Windows 8', 'Google Chrome v.54.0.2840.99', 'History', 'USER016005', '2016-12-07', '14:10:47'),
(1134, '::1', 'Windows 8', 'Google Chrome v.54.0.2840.99', 'History', 'USER016005', '2016-12-07', '14:11:22'),
(1135, '::1', 'Windows 8', 'Google Chrome v.54.0.2840.99', 'History', 'USER016005', '2016-12-07', '14:11:26'),
(1136, '::1', 'Windows 8', 'Google Chrome v.54.0.2840.99', 'History', 'USER016005', '2016-12-07', '14:11:27'),
(1137, '::1', 'Windows 8', 'Google Chrome v.54.0.2840.99', 'History', 'USER016005', '2016-12-07', '14:12:34'),
(1138, '::1', 'Windows 8', 'Google Chrome v.54.0.2840.99', 'Profile', 'USER016005', '2016-12-07', '14:23:02'),
(1139, '::1', 'Windows 8', 'Google Chrome v.54.0.2840.99', 'Profile', 'USER016005', '2016-12-07', '14:23:14'),
(1140, '::1', 'Windows 8', 'Google Chrome v.54.0.2840.99', 'Diagnosa', 'USER016005', '2016-12-07', '14:23:20'),
(1141, '::1', 'Windows 8', 'Google Chrome v.54.0.2840.99', 'History', 'USER016005', '2016-12-07', '14:33:35'),
(1142, '::1', 'Windows 8', 'Google Chrome v.54.0.2840.99', 'History', 'USER016005', '2016-12-07', '14:33:44'),
(1143, '::1', 'Windows 8', 'Google Chrome v.54.0.2840.99', 'History', 'USER016005', '2016-12-07', '14:33:48'),
(1144, '::1', 'Windows 8', 'Google Chrome v.54.0.2840.99', 'History', 'USER016005', '2016-12-07', '14:34:20'),
(1145, '::1', 'Windows 8', 'Google Chrome v.54.0.2840.99', 'Diagnosa', 'USER016005', '2016-12-07', '14:34:23'),
(1146, '::1', 'Windows 8', 'Google Chrome v.54.0.2840.99', 'History', 'USER016005', '2016-12-07', '14:34:27'),
(1147, '::1', 'Windows 8', 'Google Chrome v.54.0.2840.99', 'History', 'USER016005', '2016-12-07', '14:35:24'),
(1148, '::1', 'Windows 8', 'Google Chrome v.54.0.2840.99', 'Profile', 'USER016005', '2016-12-07', '14:35:26'),
(1149, '::1', 'Windows 8', 'Google Chrome v.54.0.2840.99', 'Diagnosa', 'USER016005', '2016-12-07', '14:35:31'),
(1150, '::1', 'Windows 8', 'Google Chrome v.54.0.2840.99', 'History', 'USER016005', '2016-12-07', '14:35:39'),
(1151, '::1', 'Windows 8', 'Google Chrome v.54.0.2840.99', 'History', 'USER016005', '2016-12-07', '14:35:52'),
(1152, '::1', 'Windows 8', 'Google Chrome v.54.0.2840.99', 'Laporan', 'USER016005', '2016-12-07', '14:36:26'),
(1153, '::1', 'Windows 8', 'Google Chrome v.54.0.2840.99', 'History', 'USER016005', '2016-12-07', '14:36:32'),
(1154, '::1', 'Windows 8', 'Google Chrome v.54.0.2840.99', 'Profile', 'USER016005', '2016-12-07', '14:36:36'),
(1155, '::1', 'Windows 8', 'Google Chrome v.54.0.2840.99', 'Profile', 'USER016005', '2016-12-07', '14:36:38'),
(1156, '::1', 'Windows 8', 'Google Chrome v.54.0.2840.99', 'History', 'USER016005', '2016-12-07', '14:36:48'),
(1157, '::1', 'Windows 8', 'Google Chrome v.54.0.2840.99', 'History', 'USER016005', '2016-12-07', '14:37:10'),
(1158, '::1', 'Windows 8', 'Google Chrome v.54.0.2840.99', 'History', 'USER016005', '2016-12-07', '14:37:21'),
(1159, '::1', 'Windows 8', 'Google Chrome v.54.0.2840.99', 'Profile', 'USER016005', '2016-12-07', '14:37:28'),
(1160, '::1', 'Windows 8', 'Google Chrome v.54.0.2840.99', 'Diagnosa', 'USER016005', '2016-12-07', '14:40:06'),
(1161, '::1', 'Windows 8', 'Google Chrome v.54.0.2840.99', 'History', 'USER016005', '2016-12-07', '14:40:16'),
(1162, '::1', 'Windows 8', 'Google Chrome v.54.0.2840.99', 'History', 'USER016005', '2016-12-07', '14:40:50'),
(1163, '::1', 'Windows 8', 'Google Chrome v.54.0.2840.99', 'Profile', 'USER016005', '2016-12-07', '14:41:08'),
(1164, '::1', 'Windows 8', 'Google Chrome v.54.0.2840.99', 'Profile', 'USER016005', '2016-12-07', '14:41:17'),
(1165, '::1', 'Windows 8', 'Google Chrome v.54.0.2840.99', 'Diagnosa', 'USER016005', '2016-12-07', '14:45:56'),
(1166, '::1', 'Windows 8', 'Google Chrome v.54.0.2840.99', 'Profile', 'USER016005', '2016-12-07', '14:46:00'),
(1167, '::1', 'Windows 8', 'Google Chrome v.54.0.2840.99', 'History', 'USER016005', '2016-12-07', '14:47:12'),
(1168, '::1', 'Windows 8', 'Google Chrome v.54.0.2840.99', 'Profile', 'USER016005', '2016-12-07', '14:47:15'),
(1169, '::1', 'Windows 8', 'Google Chrome v.54.0.2840.99', 'Profile', 'USER016005', '2016-12-07', '14:47:19'),
(1170, '::1', 'Windows 8', 'Google Chrome v.54.0.2840.99', 'Profile', 'USER016005', '2016-12-07', '14:48:08'),
(1171, '::1', 'Windows 8', 'Google Chrome v.54.0.2840.99', 'Profile', 'USER016005', '2016-12-07', '14:53:47'),
(1172, '::1', 'Windows 8', 'Google Chrome v.54.0.2840.99', 'Profile', 'USER016005', '2016-12-07', '14:56:16'),
(1173, '::1', 'Windows 8', 'Google Chrome v.54.0.2840.99', 'Profile', 'USER016005', '2016-12-07', '14:56:20'),
(1174, '::1', 'Windows 8', 'Google Chrome v.54.0.2840.99', 'Diagnosa', 'USER016005', '2016-12-07', '14:56:26'),
(1175, '::1', 'Windows 8', 'Google Chrome v.54.0.2840.99', 'History', 'USER016005', '2016-12-07', '14:56:45'),
(1176, '::1', 'Windows 8', 'Mozilla Firefox v.47.0', 'Home', 'USER016001', '2016-12-07', '14:57:49'),
(1177, '::1', 'Windows 8', 'Mozilla Firefox v.47.0', 'Diagnosa', 'USER016001', '2016-12-07', '14:57:53'),
(1178, '::1', 'Windows 8', 'Mozilla Firefox v.47.0', 'Profile', 'USER016001', '2016-12-07', '14:57:57'),
(1179, '::1', 'Windows 8', 'Google Chrome v.54.0.2840.99', 'Profile', 'USER016005', '2016-12-07', '14:58:05'),
(1180, '::1', 'Windows 8', 'Mozilla Firefox v.47.0', 'Diagnosa', 'USER016001', '2016-12-07', '14:58:10'),
(1181, '::1', 'Windows 8', 'Mozilla Firefox v.47.0', 'History', 'USER016001', '2016-12-07', '14:58:27'),
(1182, '::1', 'Windows 8', 'Mozilla Firefox v.47.0', 'Profile', 'USER016001', '2016-12-07', '14:58:42'),
(1183, '::1', 'Windows 8', 'Google Chrome v.54.0.2840.99', 'Profile', 'USER016005', '2016-12-07', '14:58:49'),
(1184, '::1', 'Windows 8', 'Google Chrome v.54.0.2840.99', 'History', 'USER016005', '2016-12-07', '15:02:17'),
(1185, '::1', 'Windows 8', 'Google Chrome v.54.0.2840.99', 'Profile', 'USER016005', '2016-12-07', '15:02:20'),
(1186, '::1', 'Windows 8', 'Google Chrome v.54.0.2840.99', 'History', 'USER016005', '2016-12-07', '15:02:24'),
(1187, '::1', 'Windows 8', 'Google Chrome v.54.0.2840.99', 'Profile', 'USER016005', '2016-12-07', '15:02:26'),
(1188, '::1', 'Windows 8', 'Google Chrome v.54.0.2840.99', 'Profile', 'USER016005', '2016-12-07', '15:03:39'),
(1189, '::1', 'Windows 8', 'Mozilla Firefox v.47.0', 'Home', 'USER016001', '2016-12-07', '15:03:55'),
(1190, '::1', 'Windows 8', 'Google Chrome v.54.0.2840.99', 'Profile', 'USER016005', '2016-12-07', '15:04:06'),
(1191, '::1', 'Windows 8', 'Google Chrome v.54.0.2840.99', 'Profile', 'USER016005', '2016-12-07', '15:05:12'),
(1192, '::1', 'Windows 8', 'Google Chrome v.54.0.2840.99', 'Profile', 'USER016005', '2016-12-07', '15:07:06'),
(1193, '::1', 'Windows 8', 'Google Chrome v.54.0.2840.99', 'Profile', 'USER016005', '2016-12-07', '15:07:35'),
(1194, '::1', 'Windows 8', 'Google Chrome v.54.0.2840.99', 'Profile', 'USER016005', '2016-12-07', '15:08:22'),
(1195, '::1', 'Windows 8', 'Google Chrome v.54.0.2840.99', 'Profile', 'USER016005', '2016-12-07', '15:11:47'),
(1196, '::1', 'Windows 8', 'Google Chrome v.54.0.2840.99', 'Profile', 'USER016005', '2016-12-07', '15:12:12'),
(1197, '::1', 'Windows 8', 'Google Chrome v.54.0.2840.99', 'Profile', 'USER016005', '2016-12-07', '15:13:26'),
(1198, '::1', 'Windows 8', 'Mozilla Firefox v.47.0', 'Home', 'USER016001', '2016-12-07', '15:13:45'),
(1199, '::1', 'Windows 8', 'Mozilla Firefox v.47.0', 'Profile', 'USER016001', '2016-12-07', '15:13:50'),
(1200, '::1', 'Windows 8', 'Google Chrome v.54.0.2840.99', 'Profile', 'USER016009', '2016-12-07', '15:17:18'),
(1201, '::1', 'Windows 8', 'Google Chrome v.54.0.2840.99', 'Diagnosa', 'USER016009', '2016-12-07', '15:17:27'),
(1202, '::1', 'Windows 8', 'Google Chrome v.54.0.2840.99', 'History', 'USER016009', '2016-12-07', '15:17:40'),
(1203, '::1', 'Windows 8', 'Google Chrome v.54.0.2840.99', 'Profile', 'USER016009', '2016-12-07', '15:18:06'),
(1204, '::1', 'Windows 8', 'Mozilla Firefox v.47.0', 'Profile', 'USER016001', '2016-12-07', '15:20:24'),
(1205, '::1', 'Windows 8', 'Mozilla Firefox v.47.0', 'Statistik', 'USER016001', '2016-12-07', '15:20:30'),
(1206, '::1', 'Windows 8', 'Google Chrome v.54.0.2840.99', 'Profile', 'USER016009', '2016-12-07', '15:21:57'),
(1207, '::1', 'Windows 8', 'Google Chrome v.54.0.2840.99', 'Profile', 'USER016009', '2016-12-07', '15:22:06'),
(1208, '::1', 'Windows 8', 'Mozilla Firefox v.47.0', 'Statistik', 'USER016001', '2016-12-07', '15:23:59'),
(1209, '::1', 'Windows 8', 'Mozilla Firefox v.47.0', 'Statistik', 'USER016001', '2016-12-07', '15:26:44'),
(1210, '::1', 'Windows 8', 'Mozilla Firefox v.47.0', 'Statistik', 'USER016001', '2016-12-07', '15:26:56'),
(1211, '::1', 'Windows 8', 'Mozilla Firefox v.47.0', 'Statistik', 'USER016001', '2016-12-07', '15:27:43'),
(1212, '::1', 'Windows 8', 'Mozilla Firefox v.47.0', 'Statistik', 'USER016001', '2016-12-07', '15:27:49'),
(1213, '::1', 'Windows 8', 'Google Chrome v.54.0.2840.99', 'Profile', 'USER016009', '2016-12-07', '15:28:00'),
(1214, '::1', 'Windows 8', 'Google Chrome v.54.0.2840.99', 'Profile', 'USER016009', '2016-12-07', '15:28:26'),
(1215, '::1', 'Windows 8', 'Google Chrome v.54.0.2840.99', 'Statistik', 'USER016009', '2016-12-07', '15:30:33'),
(1216, '::1', 'Windows 8', 'Google Chrome v.54.0.2840.99', 'Profile', 'USER016009', '2016-12-07', '15:30:42'),
(1217, '::1', 'Windows 8', 'Google Chrome v.54.0.2840.99', 'Profile', 'USER016009', '2016-12-07', '15:33:38'),
(1218, '::1', 'Windows 8', 'Google Chrome v.54.0.2840.99', 'Profile', 'USER016009', '2016-12-07', '15:33:49'),
(1219, '::1', 'Windows 8', 'Google Chrome v.54.0.2840.99', 'Profile', 'USER016009', '2016-12-07', '15:38:38'),
(1220, '::1', 'Windows 8', 'Google Chrome v.54.0.2840.99', 'History', 'USER016009', '2016-12-07', '15:40:03'),
(1221, '::1', 'Windows 8', 'Google Chrome v.54.0.2840.99', 'Profile', 'USER016009', '2016-12-07', '15:48:01'),
(1222, '::1', 'Windows 8', 'Google Chrome v.54.0.2840.99', 'Profile', 'USER016009', '2016-12-07', '15:51:12'),
(1223, '::1', 'Windows 8', 'Google Chrome v.54.0.2840.99', 'Profile', 'USER016009', '2016-12-07', '15:51:28'),
(1224, '::1', 'Windows 8', 'Google Chrome v.54.0.2840.99', 'History Ot', 'USER016009', '2016-12-07', '15:51:45'),
(1225, '::1', 'Windows 8', 'Google Chrome v.54.0.2840.99', 'History Ot', 'USER016009', '2016-12-07', '15:52:04'),
(1226, '::1', 'Windows 8', 'Google Chrome v.54.0.2840.99', 'History Ot', 'USER016009', '2016-12-07', '15:59:45'),
(1227, '::1', 'Windows 8', 'Google Chrome v.54.0.2840.99', 'History Ot', 'USER016009', '2016-12-07', '15:59:47'),
(1228, '::1', 'Windows 8', 'Google Chrome v.54.0.2840.99', 'History Ot', 'USER016009', '2016-12-07', '16:00:23'),
(1229, '::1', 'Windows 8', 'Google Chrome v.54.0.2840.99', 'History Ot', 'USER016009', '2016-12-07', '16:00:48'),
(1230, '::1', 'Windows 8', 'Google Chrome v.54.0.2840.99', 'History Ot', 'USER016009', '2016-12-07', '16:02:58'),
(1231, '::1', 'Windows 8', 'Google Chrome v.54.0.2840.99', 'History Ot', 'USER016009', '2016-12-07', '16:03:44'),
(1232, '::1', 'Windows 8', 'Google Chrome v.54.0.2840.99', 'Profile', 'USER016009', '2016-12-07', '16:03:54'),
(1233, '::1', 'Windows 8', 'Google Chrome v.54.0.2840.99', 'History', 'USER016009', '2016-12-07', '16:04:01'),
(1234, '::1', 'Windows 8', 'Google Chrome v.54.0.2840.99', 'Profile', 'USER016009', '2016-12-07', '16:04:06'),
(1235, '::1', 'Windows 8', 'Google Chrome v.54.0.2840.99', 'History Ot', 'USER016009', '2016-12-07', '16:04:12'),
(1236, '::1', 'Windows 8', 'Google Chrome v.54.0.2840.99', 'History Ot', 'USER016009', '2016-12-07', '16:06:48'),
(1237, '::1', 'Windows 8', 'Google Chrome v.54.0.2840.99', 'History Ot', 'USER016009', '2016-12-07', '16:06:50'),
(1238, '::1', 'Windows 8', 'Google Chrome v.54.0.2840.99', 'Profile', 'USER016009', '2016-12-07', '16:09:24'),
(1239, '::1', 'Windows 8', 'Google Chrome v.54.0.2840.99', 'History Ot', 'USER016009', '2016-12-07', '16:09:30'),
(1240, '::1', 'Windows 8', 'Google Chrome v.54.0.2840.99', 'Profile', 'USER016009', '2016-12-07', '16:10:25'),
(1241, '::1', 'Windows 8', 'Google Chrome v.54.0.2840.99', 'History', 'USER016009', '2016-12-07', '16:10:28'),
(1242, '::1', 'Windows 8', 'Google Chrome v.54.0.2840.99', 'History', 'USER016009', '2016-12-07', '16:10:41'),
(1243, '::1', 'Windows 8', 'Google Chrome v.54.0.2840.99', 'History', 'USER016009', '2016-12-07', '16:12:24'),
(1244, '::1', 'Windows 8', 'Google Chrome v.54.0.2840.99', 'History', 'USER016009', '2016-12-07', '16:12:27'),
(1245, '::1', 'Windows 8', 'Google Chrome v.54.0.2840.99', 'Profile', 'USER016009', '2016-12-07', '16:12:44'),
(1246, '::1', 'Windows 8', 'Google Chrome v.54.0.2840.99', 'History', 'USER016009', '2016-12-07', '16:12:49'),
(1247, '::1', 'Windows 8', 'Google Chrome v.54.0.2840.99', 'Profile', 'USER016009', '2016-12-07', '16:12:55'),
(1248, '::1', 'Windows 8', 'Google Chrome v.54.0.2840.99', 'History Ot', 'USER016009', '2016-12-07', '16:12:58'),
(1249, '::1', 'Windows 8', 'Google Chrome v.54.0.2840.99', 'Profile', 'USER016009', '2016-12-07', '16:13:51'),
(1250, '::1', 'Windows 8', 'Google Chrome v.54.0.2840.99', 'Profile', 'USER016009', '2016-12-07', '16:14:08'),
(1251, '::1', 'Windows 8', 'Mozilla Firefox v.47.0', 'Profile', 'USER016001', '2016-12-07', '16:14:21'),
(1252, '::1', 'Windows 8', 'Mozilla Firefox v.47.0', 'Statistik', 'USER016001', '2016-12-07', '16:14:31'),
(1253, '::1', 'Windows 8', 'Mozilla Firefox v.47.0', 'Diagnosa', 'USER016001', '2016-12-07', '16:14:40'),
(1254, '::1', 'Windows 8', 'Mozilla Firefox v.47.0', 'History', 'USER016001', '2016-12-07', '16:14:52'),
(1255, '::1', 'Windows 8', 'Google Chrome v.54.0.2840.99', 'Profile', 'USER016009', '2016-12-07', '16:15:39'),
(1256, '::1', 'Windows 8', 'Google Chrome v.54.0.2840.99', 'History Ot', 'USER016009', '2016-12-07', '16:15:55'),
(1257, '::1', 'Windows 8', 'Google Chrome v.54.0.2840.99', 'Profile', 'USER016009', '2016-12-07', '16:16:13'),
(1258, '::1', 'Windows 8', 'Mozilla Firefox v.47.0', 'Home', 'USER016001', '2016-12-07', '16:18:19'),
(1259, '::1', 'Windows 8', 'Google Chrome v.54.0.2840.99', 'History Ot', 'USER016009', '2016-12-07', '16:19:14'),
(1260, '::1', 'Windows 8', 'Google Chrome v.54.0.2840.99', 'Profile', 'USER016009', '2016-12-07', '16:19:36'),
(1261, '::1', 'Windows 8', 'Google Chrome v.54.0.2840.99', 'History', 'USER016009', '2016-12-07', '16:19:43'),
(1262, '::1', 'Windows 8', 'Google Chrome v.54.0.2840.99', 'History', 'USER016009', '2016-12-07', '16:19:56'),
(1263, '::1', 'Windows 8', 'Google Chrome v.54.0.2840.99', 'History', 'USER016009', '2016-12-07', '16:20:16'),
(1264, '::1', 'Windows 8', 'Google Chrome v.54.0.2840.99', 'History', 'USER016009', '2016-12-07', '16:20:28'),
(1265, '::1', 'Windows 8', 'Google Chrome v.54.0.2840.99', 'History', 'USER016009', '2016-12-07', '16:23:06'),
(1266, '::1', 'Windows 8', 'Google Chrome v.54.0.2840.99', 'History', 'USER016009', '2016-12-07', '16:23:20'),
(1267, '::1', 'Windows 8', 'Google Chrome v.54.0.2840.99', 'Diagnosa', 'USER016009', '2016-12-07', '16:23:22'),
(1268, '::1', 'Windows 8', 'Google Chrome v.54.0.2840.99', 'History', 'USER016009', '2016-12-07', '16:23:25'),
(1269, '::1', 'Windows 8', 'Google Chrome v.54.0.2840.99', 'Profile', 'USER016009', '2016-12-07', '16:23:26'),
(1270, '::1', 'Windows 8', 'Google Chrome v.54.0.2840.99', 'History', 'USER016009', '2016-12-07', '16:23:29'),
(1271, '::1', 'Windows 8', 'Google Chrome v.54.0.2840.99', 'Profile', 'USER016009', '2016-12-07', '16:23:37'),
(1272, '::1', 'Windows 8', 'Google Chrome v.54.0.2840.99', 'History Ot', 'USER016009', '2016-12-07', '16:23:41'),
(1273, '::1', 'Windows 8', 'Google Chrome v.54.0.2840.99', 'Laporan', 'USER016009', '2016-12-07', '16:25:05'),
(1274, '::1', 'Windows 8', 'Google Chrome v.54.0.2840.99', 'Profile', 'USER016009', '2016-12-07', '16:25:07'),
(1275, '::1', 'Windows 8', 'Google Chrome v.54.0.2840.99', 'Profile', 'USER016005', '2016-12-07', '22:47:42'),
(1276, '::1', 'Windows 8', 'Google Chrome v.54.0.2840.99', 'History', 'USER016005', '2016-12-07', '22:48:09'),
(1277, '::1', 'Windows 8', 'Google Chrome v.54.0.2840.99', 'History', 'USER016005', '2016-12-07', '22:48:43'),
(1278, '::1', 'Windows 8', 'Google Chrome v.54.0.2840.99', 'Profile', 'USER016005', '2016-12-07', '22:48:45'),
(1279, '::1', 'Windows 8', 'Google Chrome v.54.0.2840.99', 'Profile', 'USER016005', '2016-12-07', '22:48:47'),
(1280, '::1', 'Windows 8', 'Google Chrome v.54.0.2840.99', 'History Ot', 'USER016005', '2016-12-07', '22:48:53'),
(1281, '::1', 'Windows 8', 'Google Chrome v.54.0.2840.99', 'History Ot', 'USER016005', '2016-12-07', '22:49:15'),
(1282, '::1', 'Windows 8', 'Google Chrome v.54.0.2840.99', 'Profile', 'USER016005', '2016-12-07', '22:50:26'),
(1283, '::1', 'Windows 8', 'Google Chrome v.54.0.2840.99', 'History Ot', 'USER016005', '2016-12-07', '22:50:31'),
(1284, '::1', 'Windows 8', 'Google Chrome v.54.0.2840.99', 'Profile', 'USER016005', '2016-12-07', '22:50:46'),
(1285, '::1', 'Windows 8', 'Google Chrome v.54.0.2840.99', 'History Ot', 'USER016005', '2016-12-07', '22:50:54'),
(1286, '::1', 'Windows 8', 'Mozilla Firefox v.47.0', 'Home', 'USER016001', '2016-12-07', '22:51:26'),
(1287, '::1', 'Windows 8', 'Mozilla Firefox v.47.0', 'Penyakit', 'USER016001', '2016-12-07', '22:51:31'),
(1288, '::1', 'Windows 8', 'Mozilla Firefox v.47.0', 'Penyakit', 'USER016001', '2016-12-07', '22:51:41'),
(1289, '::1', 'Windows 8', 'Google Chrome v.54.0.2840.99', 'Profile', 'USER016005', '2016-12-07', '22:51:46'),
(1290, '::1', 'Windows 8', 'Google Chrome v.54.0.2840.99', 'History Ot', 'USER016005', '2016-12-07', '22:51:52'),
(1291, '::1', 'Windows 8', 'Google Chrome v.54.0.2840.99', 'History Ot', 'USER016005', '2016-12-07', '22:51:58'),
(1292, '::1', 'Windows 8', 'Google Chrome v.54.0.2840.99', 'History Ot', 'USER016005', '2016-12-07', '22:52:16'),
(1293, '::1', 'Windows 8', 'Google Chrome v.54.0.2840.99', 'Profile', 'USER016005', '2016-12-07', '22:52:54'),
(1294, '::1', 'Windows 8', 'Google Chrome v.54.0.2840.99', 'History Ot', 'USER016005', '2016-12-07', '22:52:56'),
(1295, '::1', 'Windows 8', 'Google Chrome v.54.0.2840.99', 'History Ot', 'USER016005', '2016-12-07', '22:53:30'),
(1296, '::1', 'Windows 8', 'Google Chrome v.54.0.2840.99', 'Profile', 'USER016005', '2016-12-07', '22:55:53'),
(1297, '::1', 'Windows 8', 'Google Chrome v.54.0.2840.99', 'History Ot', 'USER016005', '2016-12-07', '22:56:10'),
(1298, '::1', 'Windows 8', 'Google Chrome v.54.0.2840.99', 'Profile', 'USER016005', '2016-12-07', '22:56:19'),
(1299, '::1', 'Windows 8', 'Mozilla Firefox v.47.0', 'Home', 'USER016001', '2016-12-07', '22:57:51'),
(1300, '::1', 'Windows 8', 'Google Chrome v.54.0.2840.99', 'Profile', 'USER016005', '2016-12-07', '22:59:41'),
(1301, '::1', 'Windows 8', 'Google Chrome v.54.0.2840.99', 'Profile', 'USER016005', '2016-12-07', '23:00:39'),
(1302, '::1', 'Windows 8', 'Google Chrome v.54.0.2840.99', 'Profile', 'USER016005', '2016-12-07', '23:02:17'),
(1303, '::1', 'Windows 8', 'Google Chrome v.54.0.2840.99', 'Profile', 'USER016005', '2016-12-07', '23:03:04'),
(1304, '::1', 'Windows 8', 'Google Chrome v.54.0.2840.99', 'Diagnosa', 'USER016005', '2016-12-07', '23:03:12'),
(1305, '::1', 'Windows 8', 'Google Chrome v.54.0.2840.99', 'History', 'USER016005', '2016-12-07', '23:03:23'),
(1306, '::1', 'Windows 8', 'Google Chrome v.54.0.2840.99', 'History', 'USER016005', '2016-12-07', '23:05:17'),
(1307, '::1', 'Windows 8', 'Google Chrome v.54.0.2840.99', 'Profile', 'USER016005', '2016-12-07', '23:05:32'),
(1308, '::1', 'Windows 8', 'Google Chrome v.54.0.2840.99', 'Profile', 'USER016005', '2016-12-07', '23:05:35'),
(1309, '::1', 'Windows 8', 'Google Chrome v.54.0.2840.99', 'Diagnosa', 'USER016005', '2016-12-07', '23:05:37'),
(1310, '::1', 'Windows 8', 'Google Chrome v.54.0.2840.99', 'History', 'USER016005', '2016-12-07', '23:05:48'),
(1311, '::1', 'Windows 8', 'Google Chrome v.54.0.2840.99', 'History', 'USER016005', '2016-12-07', '23:08:50'),
(1312, '::1', 'Windows 8', 'Google Chrome v.54.0.2840.99', 'Profile', 'USER016005', '2016-12-07', '23:09:32'),
(1313, '::1', 'Windows 8', 'Google Chrome v.54.0.2840.99', 'Profile', 'USER016005', '2016-12-07', '23:09:35'),
(1314, '::1', 'Windows 8', 'Google Chrome v.54.0.2840.99', 'Diagnosa', 'USER016005', '2016-12-07', '23:09:38'),
(1315, '::1', 'Windows 8', 'Google Chrome v.54.0.2840.99', 'History', 'USER016005', '2016-12-07', '23:09:46'),
(1316, '::1', 'Windows 8', 'Google Chrome v.54.0.2840.99', 'Profile', 'USER016005', '2016-12-07', '23:10:20'),
(1317, '::1', 'Windows 8', 'Google Chrome v.54.0.2840.99', 'History', 'USER016005', '2016-12-07', '23:10:24'),
(1318, '::1', 'Windows 8', 'Google Chrome v.54.0.2840.99', 'Profile', 'USER016005', '2016-12-07', '23:10:49'),
(1319, '::1', 'Windows 8', 'Google Chrome v.54.0.2840.99', 'Profile', 'USER016005', '2016-12-07', '23:11:27'),
(1320, '::1', 'Windows 8', 'Google Chrome v.54.0.2840.99', 'Profile', 'USER016005', '2016-12-07', '23:11:40');
INSERT INTO `statistik` (`id_statistik`, `ip`, `os`, `browser`, `page`, `id_pakar`, `hari`, `jam`) VALUES
(1321, '::1', 'Windows 8', 'Google Chrome v.54.0.2840.99', 'Profile', 'USER016005', '2016-12-07', '23:11:59'),
(1322, '::1', 'Windows 8', 'Mozilla Firefox v.47.0', 'Statistik', 'USER016001', '2016-12-07', '23:12:30'),
(1323, '::1', 'Windows 8', 'Google Chrome v.54.0.2840.99', 'Profile', 'USER016005', '2016-12-07', '23:15:28'),
(1324, '::1', 'Windows 8', 'Google Chrome v.54.0.2840.99', 'Profile', 'USER016005', '2016-12-07', '23:15:36'),
(1325, '::1', 'Windows 8', 'Google Chrome v.54.0.2840.99', 'Diagnosa', 'USER016005', '2016-12-07', '23:15:39'),
(1326, '::1', 'Windows 8', 'Google Chrome v.54.0.2840.99', 'History', 'USER016005', '2016-12-07', '23:15:50'),
(1327, '::1', 'Windows 8', 'Mozilla Firefox v.47.0', 'Diagnosa', 'USER016001', '2016-12-07', '23:16:08'),
(1328, '::1', 'Windows 8', 'Mozilla Firefox v.47.0', 'History', 'USER016001', '2016-12-07', '23:16:23'),
(1329, '::1', 'Windows 8', 'Mozilla Firefox v.47.0', 'Home', 'USER016001', '2016-12-07', '23:16:38'),
(1330, '::1', 'Windows 8', 'Google Chrome v.54.0.2840.99', 'Profile', 'USER016005', '2016-12-07', '23:17:07'),
(1331, '::1', 'Windows 8', 'Google Chrome v.54.0.2840.99', 'History Ot', 'USER016005', '2016-12-07', '23:17:16'),
(1332, '::1', 'Windows 8', 'Google Chrome v.54.0.2840.99', 'Profile', 'USER016005', '2016-12-07', '23:17:36'),
(1333, '::1', 'Windows 8', 'Google Chrome v.54.0.2840.99', 'Profile', 'USER016005', '2016-12-07', '23:25:21'),
(1334, '::1', 'Windows 8', 'Google Chrome v.54.0.2840.99', 'Profile', 'USER016005', '2016-12-07', '23:26:15'),
(1335, '::1', 'Windows 8', 'Google Chrome v.54.0.2840.99', 'Profile', 'USER016005', '2016-12-07', '23:26:39'),
(1336, '::1', 'Windows 8', 'Google Chrome v.54.0.2840.99', 'Profile', 'USER016005', '2016-12-07', '23:26:59'),
(1337, '::1', 'Windows 8', 'Google Chrome v.54.0.2840.99', 'Profile', 'USER016005', '2016-12-07', '23:28:14'),
(1338, '::1', 'Windows 8', 'Google Chrome v.54.0.2840.99', 'Profile', 'USER016005', '2016-12-07', '23:28:41'),
(1339, '::1', 'Windows 8', 'Google Chrome v.54.0.2840.99', 'Profile', 'USER016005', '2016-12-07', '23:29:58'),
(1340, '::1', 'Windows 8', 'Google Chrome v.54.0.2840.99', 'Profile', 'USER016005', '2016-12-07', '23:30:30'),
(1341, '::1', 'Windows 8', 'Google Chrome v.54.0.2840.99', 'Profile', 'USER016005', '2016-12-07', '23:30:53'),
(1342, '::1', 'Windows 8', 'Google Chrome v.54.0.2840.99', 'Profile', 'USER016005', '2016-12-07', '23:32:31'),
(1343, '::1', 'Windows 8', 'Google Chrome v.54.0.2840.99', 'Profile', 'USER016005', '2016-12-07', '23:35:03'),
(1344, '::1', 'Windows 8', 'Google Chrome v.54.0.2840.99', 'Diagnosa', 'USER016005', '2016-12-07', '23:35:24'),
(1345, '::1', 'Windows 8', 'Google Chrome v.54.0.2840.99', 'History', 'USER016005', '2016-12-07', '23:35:39'),
(1346, '::1', 'Windows 8', 'Google Chrome v.54.0.2840.99', 'Profile', 'USER016005', '2016-12-07', '23:35:49'),
(1347, '::1', 'Windows 8', 'Google Chrome v.54.0.2840.99', 'History', 'USER016005', '2016-12-07', '23:37:49'),
(1348, '::1', 'Windows 8', 'Google Chrome v.54.0.2840.99', 'Profile', 'USER016005', '2016-12-07', '23:37:59'),
(1349, '::1', 'Windows 8', 'Google Chrome v.54.0.2840.99', 'Profile', 'USER016005', '2016-12-07', '23:38:55'),
(1350, '::1', 'Windows 8', 'Google Chrome v.54.0.2840.99', 'Profile', 'USER016005', '2016-12-07', '23:38:58'),
(1351, '::1', 'Windows 8', 'Google Chrome v.54.0.2840.99', 'Profile', 'USER016005', '2016-12-07', '23:40:31'),
(1352, '::1', 'Windows 8', 'Google Chrome v.54.0.2840.99', 'Profile', 'USER016005', '2016-12-07', '23:42:06'),
(1353, '::1', 'Windows 8', 'Google Chrome v.54.0.2840.99', 'Profile', 'USER016005', '2016-12-07', '23:42:09'),
(1354, '::1', 'Windows 8', 'Google Chrome v.54.0.2840.99', 'Profile', 'USER016005', '2016-12-07', '23:42:43'),
(1355, '::1', 'Windows 8', 'Google Chrome v.54.0.2840.99', 'Profile', 'USER016005', '2016-12-07', '23:43:39'),
(1356, '::1', 'Windows 8', 'Google Chrome v.54.0.2840.99', 'Profile', 'USER016005', '2016-12-07', '23:43:49'),
(1357, '::1', 'Windows 8', 'Google Chrome v.54.0.2840.99', 'Profile', 'USER016005', '2016-12-07', '23:44:30'),
(1358, '::1', 'Windows 8', 'Google Chrome v.54.0.2840.99', 'Profile', 'USER016005', '2016-12-07', '23:44:31'),
(1359, '::1', 'Windows 8', 'Google Chrome v.54.0.2840.99', 'Profile', 'USER016005', '2016-12-07', '23:45:00'),
(1360, '::1', 'Windows 8', 'Google Chrome v.54.0.2840.99', 'Diagnosa', 'USER016005', '2016-12-07', '23:45:47'),
(1361, '::1', 'Windows 8', 'Google Chrome v.54.0.2840.99', 'History', 'USER016005', '2016-12-07', '23:45:57'),
(1362, '::1', 'Windows 8', 'Google Chrome v.54.0.2840.99', 'Profile', 'USER016005', '2016-12-07', '23:46:29'),
(1363, '::1', 'Windows 8', 'Google Chrome v.54.0.2840.99', 'Profile', 'USER016005', '2016-12-07', '23:46:42'),
(1364, '::1', 'Windows 8', 'Google Chrome v.54.0.2840.99', 'Profile', 'USER016005', '2016-12-07', '23:56:00'),
(1365, '::1', 'Windows 8', 'Google Chrome v.54.0.2840.99', 'Profile', 'USER016005', '2016-12-07', '23:56:58'),
(1366, '::1', 'Windows 8', 'Google Chrome v.54.0.2840.99', 'Profile', 'USER016005', '2016-12-07', '23:57:00'),
(1367, '::1', 'Windows 8', 'Google Chrome v.54.0.2840.99', 'Profile', 'USER016005', '2016-12-07', '23:57:40'),
(1368, '::1', 'Windows 8', 'Google Chrome v.54.0.2840.99', 'Profile', 'USER016005', '2016-12-07', '23:57:43'),
(1369, '::1', 'Windows 8', 'Google Chrome v.54.0.2840.99', 'Profile', 'USER016005', '2016-12-07', '23:57:49'),
(1370, '::1', 'Windows 8', 'Google Chrome v.54.0.2840.99', 'Profile', 'USER016005', '2016-12-07', '23:58:28'),
(1371, '::1', 'Windows 8', 'Google Chrome v.54.0.2840.99', 'Diagnosa', 'USER016005', '2016-12-07', '23:58:35'),
(1372, '::1', 'Windows 8', 'Google Chrome v.54.0.2840.99', 'Profile', 'USER016004', '2016-12-07', '23:59:02'),
(1373, '::1', 'Windows 8', 'Google Chrome v.54.0.2840.99', 'Profile', 'USER016004', '2016-12-07', '23:59:22'),
(1374, '::1', 'Windows 8', 'Google Chrome v.54.0.2840.99', 'Profile', 'USER016004', '2016-12-08', '00:00:10'),
(1375, '::1', 'Windows 8', 'Google Chrome v.54.0.2840.99', 'Profile', 'USER016004', '2016-12-08', '00:00:38'),
(1376, '::1', 'Windows 8', 'Google Chrome v.54.0.2840.99', 'Profile', 'USER016004', '2016-12-08', '00:00:57'),
(1377, '::1', 'Windows 8', 'Google Chrome v.54.0.2840.99', 'Profile', 'USER016004', '2016-12-08', '00:01:02'),
(1378, '::1', 'Windows 8', 'Google Chrome v.54.0.2840.99', 'History Ot', 'USER016004', '2016-12-08', '00:01:10'),
(1379, '::1', 'Windows 8', 'Google Chrome v.54.0.2840.99', 'Profile', 'USER016004', '2016-12-08', '00:01:13'),
(1380, '::1', 'Windows 8', 'Google Chrome v.54.0.2840.99', 'Profile', 'USER016004', '2016-12-08', '00:03:58'),
(1381, '::1', 'Windows 8', 'Google Chrome v.54.0.2840.99', 'Profile', 'USER016004', '2016-12-08', '00:04:24'),
(1382, '::1', 'Windows 8', 'Google Chrome v.54.0.2840.99', 'Profile', 'USER016005', '2016-12-08', '00:04:41'),
(1383, '::1', 'Windows 8', 'Google Chrome v.54.0.2840.99', 'Profile', 'USER016005', '2016-12-08', '08:21:46'),
(1384, '::1', 'Windows 8', 'Google Chrome v.54.0.2840.99', 'Diagnosa', 'USER016005', '2016-12-08', '08:22:14'),
(1385, '::1', 'Windows 8', 'Google Chrome v.54.0.2840.99', 'Profile', 'USER016005', '2016-12-08', '08:22:18'),
(1386, '::1', 'Windows 8', 'Google Chrome v.54.0.2840.99', 'Diagnosa', 'USER016005', '2016-12-08', '08:23:51'),
(1387, '::1', 'Windows 8', 'Google Chrome v.54.0.2840.99', 'History', 'USER016005', '2016-12-08', '08:24:00'),
(1388, '::1', 'Windows 8', 'Google Chrome v.54.0.2840.99', 'Profile', 'USER016005', '2016-12-08', '08:24:53'),
(1389, '::1', 'Windows 8', 'Google Chrome v.54.0.2840.99', 'Profile', 'USER016005', '2016-12-08', '08:25:13'),
(1390, '::1', 'Windows 8', 'Google Chrome v.54.0.2840.99', 'Profile', 'USER016005', '2016-12-08', '08:27:38'),
(1391, '::1', 'Windows 8', 'Google Chrome v.54.0.2840.99', 'Profile', 'USER016005', '2016-12-08', '08:27:39'),
(1392, '::1', 'Windows 8', 'Google Chrome v.54.0.2840.99', 'Profile', 'USER016005', '2016-12-08', '08:28:01'),
(1393, '::1', 'Windows 8', 'Google Chrome v.54.0.2840.99', 'Profile', 'USER016005', '2016-12-08', '08:31:06'),
(1394, '::1', 'Windows 8', 'Google Chrome v.54.0.2840.99', 'Profile', 'USER016005', '2016-12-08', '08:33:17'),
(1395, '::1', 'Windows 8', 'Google Chrome v.54.0.2840.99', 'Profile', 'USER016005', '2016-12-08', '08:33:32'),
(1396, '::1', 'Windows 8', 'Google Chrome v.54.0.2840.99', 'Profile', 'USER016005', '2016-12-08', '08:34:21'),
(1397, '::1', 'Windows 8', 'Google Chrome v.54.0.2840.99', 'Profile', 'USER016005', '2016-12-08', '08:35:07'),
(1398, '::1', 'Windows 8', 'Google Chrome v.54.0.2840.99', 'Profile', 'USER016005', '2016-12-08', '08:35:40'),
(1399, '::1', 'Windows 8', 'Google Chrome v.54.0.2840.99', 'Profile', 'USER016005', '2016-12-08', '08:35:43'),
(1400, '::1', 'Windows 8', 'Google Chrome v.54.0.2840.99', 'Profile', 'USER016005', '2016-12-08', '08:36:30'),
(1401, '::1', 'Windows 8', 'Google Chrome v.54.0.2840.99', 'Profile', 'USER016005', '2016-12-08', '08:37:15'),
(1402, '::1', 'Windows 8', 'Google Chrome v.54.0.2840.99', 'Profile', 'USER016005', '2016-12-08', '08:37:41'),
(1403, '::1', 'Windows 8', 'Google Chrome v.54.0.2840.99', 'Profile', 'USER016005', '2016-12-08', '08:38:43'),
(1404, '::1', 'Windows 8', 'Google Chrome v.54.0.2840.99', 'History Ot', 'USER016005', '2016-12-08', '08:38:52'),
(1405, '::1', 'Windows 8', 'Google Chrome v.54.0.2840.99', 'Profile', 'USER016005', '2016-12-08', '08:39:05'),
(1406, '::1', 'Windows 8', 'Google Chrome v.54.0.2840.99', 'Profile', 'USER016005', '2016-12-08', '08:39:51'),
(1407, '::1', 'Windows 8', 'Google Chrome v.54.0.2840.99', 'Profile', 'USER016005', '2016-12-08', '08:40:07'),
(1408, '::1', 'Windows 8', 'Google Chrome v.54.0.2840.99', 'Laporan', 'USER016005', '2016-12-08', '08:40:32'),
(1409, '::1', 'Windows 8', 'Google Chrome v.54.0.2840.99', 'Home', 'USER016001', '2016-12-08', '08:40:52'),
(1410, '::1', 'Windows 8', 'Google Chrome v.54.0.2840.99', 'Profile', 'USER016001', '2016-12-08', '08:41:05'),
(1411, '::1', 'Windows 8', 'Google Chrome v.54.0.2840.99', 'Profile', 'USER016001', '2016-12-08', '08:42:34'),
(1412, '::1', 'Windows 8', 'Google Chrome v.54.0.2840.99', 'Home', 'USER016001', '2016-12-08', '08:42:59'),
(1413, '::1', 'Windows 8', 'Google Chrome v.54.0.2840.99', 'Statistik', 'USER016001', '2016-12-08', '08:44:12'),
(1414, '::1', 'Windows 8', 'Google Chrome v.54.0.2840.99', 'Home', 'USER016001', '2016-12-08', '08:44:26'),
(1415, '::1', 'Windows 8', 'Google Chrome v.54.0.2840.99', 'Profile', 'USER016001', '2016-12-08', '08:44:44'),
(1416, '::1', 'Windows 8', 'Google Chrome v.54.0.2840.99', 'Profile', 'USER016005', '2016-12-08', '08:45:07'),
(1417, '::1', 'Windows 8', 'Google Chrome v.54.0.2840.99', 'Profile', 'USER016005', '2016-12-08', '08:45:19'),
(1418, '::1', 'Windows 8', 'Google Chrome v.54.0.2840.99', 'Profile', 'USER016005', '2016-12-08', '08:45:37'),
(1419, '::1', 'Windows 8', 'Google Chrome v.54.0.2840.99', 'History', 'USER016005', '2016-12-08', '08:45:42'),
(1420, '::1', 'Windows 8', 'Google Chrome v.54.0.2840.99', 'Profile', 'USER016005', '2016-12-08', '08:45:58'),
(1421, '::1', 'Windows 8', 'Google Chrome v.54.0.2840.99', 'History', 'USER016005', '2016-12-08', '08:46:07'),
(1422, '::1', 'Windows 8', 'Google Chrome v.54.0.2840.99', 'Profile', 'USER016005', '2016-12-08', '08:46:35'),
(1423, '::1', 'Windows 8', 'Google Chrome v.54.0.2840.99', 'Profile', 'USER016012', '2016-12-08', '12:13:25'),
(1424, '::1', 'Windows 8', 'Google Chrome v.54.0.2840.99', 'Profile', 'USER016012', '2016-12-08', '12:13:34'),
(1425, '::1', 'Windows 8', 'Google Chrome v.54.0.2840.99', 'Diagnosa', 'USER016012', '2016-12-08', '12:21:31'),
(1426, '::1', 'Windows 8', 'Google Chrome v.54.0.2840.99', 'History', 'USER016012', '2016-12-08', '12:25:49'),
(1427, '::1', 'Windows 8', 'Google Chrome v.54.0.2840.99', 'Profile', 'USER016012', '2016-12-08', '12:26:07'),
(1428, '::1', 'Windows 8', 'Google Chrome v.54.0.2840.99', 'Profile', 'USER016012', '2016-12-08', '12:29:11'),
(1429, '::1', 'Windows 8', 'Google Chrome v.54.0.2840.99', 'History Ot', 'USER016012', '2016-12-08', '12:29:25'),
(1430, '::1', 'Windows 8', 'Google Chrome v.54.0.2840.99', 'Profile', 'USER016012', '2016-12-08', '12:29:39'),
(1431, '::1', 'Windows 8', 'Google Chrome v.54.0.2840.99', 'History Ot', 'USER016012', '2016-12-08', '12:35:34'),
(1432, '::1', 'Windows 8', 'Google Chrome v.54.0.2840.99', 'Profile', 'USER016005', '2016-12-08', '12:50:16'),
(1433, '::1', 'Windows 8', 'Google Chrome v.54.0.2840.99', 'Home', 'USER016001', '2016-12-08', '12:50:54'),
(1434, '::1', 'Windows 8', 'Google Chrome v.54.0.2840.99', 'Profile', 'USER016001', '2016-12-08', '12:51:54'),
(1435, '::1', 'Windows 8', 'Google Chrome v.54.0.2840.99', 'Profile', 'USER016013', '2016-12-09', '10:38:35'),
(1436, '::1', 'Windows 8', 'Google Chrome v.54.0.2840.99', 'History Ot', 'USER016013', '2016-12-09', '10:38:50'),
(1437, '::1', 'Windows 8', 'Google Chrome v.54.0.2840.99', 'Profile', 'USER016014', '2016-12-09', '10:54:45'),
(1438, '::1', 'Windows 8', 'Google Chrome v.54.0.2840.99', 'Diagnosa', 'USER016014', '2016-12-09', '10:56:17'),
(1439, '::1', 'Windows 8', 'Google Chrome v.54.0.2840.99', 'History', 'USER016014', '2016-12-09', '10:57:42'),
(1440, '::1', 'Windows 8', 'Google Chrome v.54.0.2840.99', 'Profile', 'USER016014', '2016-12-09', '10:58:51'),
(1441, '::1', 'Windows 8', 'Google Chrome v.54.0.2840.99', 'Profile', 'USER016014', '2016-12-09', '10:58:57'),
(1442, '::1', 'Windows 8', 'Google Chrome v.54.0.2840.99', 'History Ot', 'USER016014', '2016-12-09', '10:59:07'),
(1443, '::1', 'Windows 8', 'Google Chrome v.54.0.2840.99', 'Profile', 'USER016014', '2016-12-09', '11:00:05'),
(1444, '::1', 'Windows 8', 'Google Chrome v.54.0.2840.99', 'Home', 'USER016001', '2016-12-13', '22:46:45'),
(1445, '::1', 'Windows 8', 'Google Chrome v.54.0.2840.99', 'Diagnosa', 'USER016001', '2016-12-13', '22:54:08'),
(1446, '::1', 'Windows 8', 'Google Chrome v.54.0.2840.99', 'Diagnosa', 'USER016001', '2016-12-13', '23:00:11'),
(1447, '::1', 'Windows 8', 'Google Chrome v.54.0.2840.99', 'Diagnosa', 'USER016001', '2016-12-13', '23:00:37'),
(1448, '::1', 'Windows 8', 'Google Chrome v.54.0.2840.99', 'Diagnosa', 'USER016001', '2016-12-13', '23:01:33'),
(1449, '::1', 'Windows 8', 'Google Chrome v.54.0.2840.99', 'Diagnosa', 'USER016001', '2016-12-13', '23:02:09'),
(1450, '::1', 'Windows 8', 'Google Chrome v.54.0.2840.99', 'Diagnosa', 'USER016001', '2016-12-13', '23:03:58'),
(1451, '::1', 'Windows 8', 'Google Chrome v.54.0.2840.99', 'Diagnosa', 'USER016001', '2016-12-13', '23:11:22'),
(1452, '::1', 'Windows 8', 'Google Chrome v.54.0.2840.99', 'Diagnosa', 'USER016001', '2016-12-13', '23:17:43'),
(1453, '::1', 'Windows 8', 'Google Chrome v.54.0.2840.99', 'Diagnosa', 'USER016001', '2016-12-13', '23:18:26'),
(1454, '::1', 'Windows 8', 'Google Chrome v.54.0.2840.99', 'Diagnosa', 'USER016001', '2016-12-13', '23:20:19'),
(1455, '::1', 'Windows 8', 'Google Chrome v.54.0.2840.99', 'Diagnosa', 'USER016001', '2016-12-13', '23:20:21'),
(1456, '::1', 'Windows 8', 'Google Chrome v.54.0.2840.99', 'Diagnosa', 'USER016001', '2016-12-13', '23:21:42'),
(1457, '::1', 'Windows 8', 'Google Chrome v.54.0.2840.99', 'Diagnosa', 'USER016001', '2016-12-13', '23:23:15'),
(1458, '::1', 'Windows 8', 'Google Chrome v.54.0.2840.99', 'Diagnosa', 'USER016001', '2016-12-13', '23:24:25'),
(1459, '::1', 'Windows 8', 'Google Chrome v.54.0.2840.99', 'Diagnosa', 'USER016001', '2016-12-13', '23:26:13'),
(1460, '::1', 'Windows 8', 'Google Chrome v.54.0.2840.99', 'Diagnosa', 'USER016001', '2016-12-13', '23:26:45'),
(1461, '::1', 'Windows 8', 'Google Chrome v.54.0.2840.99', 'Diagnosa', 'USER016001', '2016-12-13', '23:27:04'),
(1462, '::1', 'Windows 8', 'Google Chrome v.54.0.2840.99', 'Diagnosa', 'USER016001', '2016-12-13', '23:27:58'),
(1463, '::1', 'Windows 8', 'Google Chrome v.54.0.2840.99', 'Diagnosa', 'USER016001', '2016-12-13', '23:29:57'),
(1464, '::1', 'Windows 8', 'Google Chrome v.54.0.2840.99', 'Diagnosa', 'USER016001', '2016-12-13', '23:30:13'),
(1465, '::1', 'Windows 8', 'Google Chrome v.54.0.2840.99', 'Diagnosa', 'USER016001', '2016-12-13', '23:30:28'),
(1466, '::1', 'Windows 8', 'Google Chrome v.54.0.2840.99', 'Diagnosa', 'USER016001', '2016-12-13', '23:31:16'),
(1467, '::1', 'Windows 8', 'Google Chrome v.54.0.2840.99', 'Diagnosa', 'USER016001', '2016-12-13', '23:32:11'),
(1468, '::1', 'Windows 8', 'Google Chrome v.54.0.2840.99', 'Diagnosa', 'USER016001', '2016-12-13', '23:33:08'),
(1469, '::1', 'Windows 8', 'Google Chrome v.54.0.2840.99', 'Diagnosa', 'USER016001', '2016-12-13', '23:34:17'),
(1470, '::1', 'Windows 8', 'Google Chrome v.54.0.2840.99', 'Diagnosa', 'USER016001', '2016-12-13', '23:34:44'),
(1471, '::1', 'Windows 8', 'Google Chrome v.54.0.2840.99', 'Diagnosa', 'USER016001', '2016-12-13', '23:36:27'),
(1472, '::1', 'Windows 8', 'Google Chrome v.54.0.2840.99', 'Diagnosa', 'USER016001', '2016-12-13', '23:37:01'),
(1473, '::1', 'Windows 8', 'Google Chrome v.54.0.2840.99', 'Diagnosa', 'USER016001', '2016-12-13', '23:37:05'),
(1474, '::1', 'Windows 8', 'Google Chrome v.54.0.2840.99', 'Diagnosa', 'USER016001', '2016-12-13', '23:40:29'),
(1475, '::1', 'Windows 8', 'Google Chrome v.54.0.2840.99', 'Diagnosa', 'USER016001', '2016-12-13', '23:42:09'),
(1476, '::1', 'Windows 8', 'Google Chrome v.54.0.2840.99', 'Diagnosa', 'USER016001', '2016-12-13', '23:44:23'),
(1477, '::1', 'Windows 8', 'Google Chrome v.54.0.2840.99', 'Diagnosa', 'USER016001', '2016-12-13', '23:46:31'),
(1478, '::1', 'Windows 8', 'Google Chrome v.54.0.2840.99', 'Diagnosa', 'USER016001', '2016-12-13', '23:47:41'),
(1479, '::1', 'Windows 8', 'Google Chrome v.54.0.2840.99', 'Diagnosa', 'USER016001', '2016-12-13', '23:48:22'),
(1480, '::1', 'Windows 8', 'Google Chrome v.54.0.2840.99', 'Diagnosa', 'USER016001', '2016-12-13', '23:54:13'),
(1481, '::1', 'Windows 8', 'Google Chrome v.54.0.2840.99', 'Diagnosa', 'USER016001', '2016-12-13', '23:54:27'),
(1482, '::1', 'Windows 8', 'Google Chrome v.54.0.2840.99', 'History', 'USER016001', '2016-12-13', '23:54:35'),
(1483, '::1', 'Windows 8', 'Google Chrome v.54.0.2840.99', 'Diagnosa', 'USER016001', '2016-12-13', '23:55:44'),
(1484, '::1', 'Windows 8', 'Google Chrome v.54.0.2840.99', 'Diagnosa', 'USER016001', '2016-12-13', '23:55:46'),
(1485, '::1', 'Windows 8', 'Google Chrome v.54.0.2840.99', 'History', 'USER016001', '2016-12-13', '23:55:51'),
(1486, '::1', 'Windows 8', 'Google Chrome v.54.0.2840.99', 'Diagnosa', 'USER016001', '2016-12-13', '23:55:58'),
(1487, '::1', 'Windows 8', 'Google Chrome v.54.0.2840.99', 'Diagnosa', 'USER016001', '2016-12-13', '23:57:03'),
(1488, '::1', 'Windows 8', 'Google Chrome v.54.0.2840.99', 'Diagnosa', 'USER016001', '2016-12-14', '00:17:29'),
(1489, '::1', 'Windows 8', 'Google Chrome v.54.0.2840.99', 'Diagnosa', 'USER016001', '2016-12-14', '00:17:53'),
(1490, '::1', 'Windows 8', 'Google Chrome v.54.0.2840.99', 'History', 'USER016001', '2016-12-14', '00:18:17'),
(1491, '::1', 'Windows 8', 'Google Chrome v.54.0.2840.99', 'History', 'USER016001', '2016-12-14', '00:20:22'),
(1492, '::1', 'Windows 8', 'Google Chrome v.54.0.2840.99', 'Diagnosa', 'USER016001', '2016-12-14', '00:21:10'),
(1493, '::1', 'Windows 8', 'Google Chrome v.54.0.2840.99', 'Aturan', 'USER016001', '2016-12-14', '00:25:11'),
(1494, '::1', 'Windows 8', 'Google Chrome v.54.0.2840.99', 'Aturan', 'USER016001', '2016-12-14', '00:26:07'),
(1495, '::1', 'Windows 8', 'Google Chrome v.54.0.2840.99', 'Diagnosa', 'USER016001', '2016-12-14', '00:26:10'),
(1496, '::1', 'Windows 8', 'Google Chrome v.54.0.2840.99', 'Diagnosa', 'USER016001', '2016-12-14', '00:26:43'),
(1497, '::1', 'Windows 8', 'Google Chrome v.54.0.2840.99', 'Diagnosa', 'USER016001', '2016-12-14', '00:27:11'),
(1498, '::1', 'Windows 8', 'Google Chrome v.54.0.2840.99', 'History', 'USER016001', '2016-12-14', '00:27:18'),
(1499, '::1', 'Windows 8', 'Google Chrome v.54.0.2840.99', 'Profile', 'USER016001', '2016-12-14', '00:28:06'),
(1500, '::1', 'Windows 8', 'Google Chrome v.54.0.2840.99', 'History', 'USER016001', '2016-12-14', '00:28:13'),
(1501, '::1', 'Windows 8', 'Google Chrome v.54.0.2840.99', 'Diagnosa', 'USER016001', '2016-12-14', '00:28:57'),
(1502, '::1', 'Windows 8', 'Google Chrome v.54.0.2840.99', 'History', 'USER016001', '2016-12-14', '00:40:53'),
(1503, '::1', 'Windows 8', 'Google Chrome v.54.0.2840.99', 'Diagnosa', 'USER016001', '2016-12-14', '00:40:59'),
(1504, '::1', 'Windows 8', 'Google Chrome v.54.0.2840.99', 'History', 'USER016001', '2016-12-14', '00:49:03'),
(1505, '::1', 'Windows 8', 'Google Chrome v.54.0.2840.99', 'Diagnosa', 'USER016001', '2016-12-14', '00:49:07'),
(1506, '::1', 'Windows 8', 'Google Chrome v.54.0.2840.99', 'History', 'USER016001', '2016-12-14', '00:49:50'),
(1507, '::1', 'Windows 8', 'Google Chrome v.54.0.2840.99', 'Diagnosa', 'USER016001', '2016-12-14', '00:50:02'),
(1508, '::1', 'Windows 8', 'Google Chrome v.54.0.2840.99', 'History', 'USER016001', '2016-12-14', '00:51:33'),
(1509, '::1', 'Windows 8', 'Google Chrome v.54.0.2840.99', 'Diagnosa', 'USER016001', '2016-12-14', '00:52:00'),
(1510, '::1', 'Windows 8', 'Google Chrome v.54.0.2840.99', 'History', 'USER016001', '2016-12-14', '00:53:38'),
(1511, '::1', 'Windows 8', 'Google Chrome v.54.0.2840.99', 'Diagnosa', 'USER016001', '2016-12-14', '00:54:34'),
(1512, '::1', 'Windows 8', 'Google Chrome v.54.0.2840.99', 'Home', 'USER016001', '2016-12-14', '00:56:07'),
(1513, '::1', 'Windows 8', 'Google Chrome v.54.0.2840.99', 'Diagnosa', 'USER016001', '2016-12-14', '00:56:08'),
(1514, '::1', 'Windows 8', 'Google Chrome v.54.0.2840.99', 'History', 'USER016001', '2016-12-14', '00:56:12'),
(1515, '::1', 'Windows 8', 'Google Chrome v.54.0.2840.99', 'Diagnosa', 'USER016001', '2016-12-14', '00:57:10'),
(1516, '::1', 'Windows 8', 'Google Chrome v.54.0.2840.99', 'Aturan', 'USER016001', '2016-12-14', '00:57:15'),
(1517, '::1', 'Windows 8', 'Google Chrome v.54.0.2840.99', 'Diagnosa', 'USER016001', '2016-12-14', '00:57:22'),
(1518, '::1', 'Windows 8', 'Google Chrome v.54.0.2840.99', 'History', 'USER016001', '2016-12-14', '00:57:26'),
(1519, '::1', 'Windows 8', 'Google Chrome v.54.0.2840.99', 'History', 'USER016001', '2016-12-14', '00:57:39'),
(1520, '::1', 'Windows 8', 'Google Chrome v.54.0.2840.99', 'Diagnosa', 'USER016001', '2016-12-14', '00:57:58'),
(1521, '::1', 'Windows 8', 'Google Chrome v.54.0.2840.99', 'Aturan', 'USER016001', '2016-12-14', '00:58:00'),
(1522, '::1', 'Windows 8', 'Google Chrome v.54.0.2840.99', 'Diagnosa', 'USER016001', '2016-12-14', '00:58:18'),
(1523, '::1', 'Windows 8', 'Google Chrome v.54.0.2840.99', 'Diagnosa', 'USER016001', '2016-12-14', '00:59:28'),
(1524, '::1', 'Windows 8', 'Google Chrome v.54.0.2840.99', 'History', 'USER016001', '2016-12-14', '00:59:33'),
(1525, '::1', 'Windows 8', 'Google Chrome v.54.0.2840.99', 'Diagnosa', 'USER016001', '2016-12-14', '01:00:07'),
(1526, '::1', 'Windows 8', 'Google Chrome v.54.0.2840.99', 'Diagnosa', 'USER016001', '2016-12-14', '01:01:37'),
(1527, '::1', 'Windows 8', 'Google Chrome v.54.0.2840.99', 'History', 'USER016001', '2016-12-14', '01:03:34'),
(1528, '::1', 'Windows 8', 'Google Chrome v.54.0.2840.99', 'Diagnosa', 'USER016001', '2016-12-14', '01:03:54'),
(1529, '::1', 'Windows 8', 'Google Chrome v.54.0.2840.99', 'History', 'USER016001', '2016-12-14', '01:04:03'),
(1530, '::1', 'Windows 8', 'Google Chrome v.54.0.2840.99', 'History', 'USER016001', '2016-12-14', '01:04:51'),
(1531, '::1', 'Windows 8', 'Google Chrome v.54.0.2840.99', 'Diagnosa', 'USER016001', '2016-12-14', '01:04:54'),
(1532, '::1', 'Windows 8', 'Google Chrome v.54.0.2840.99', 'History', 'USER016001', '2016-12-14', '01:05:41'),
(1533, '::1', 'Windows 8', 'Google Chrome v.54.0.2840.99', 'Diagnosa', 'USER016001', '2016-12-14', '01:08:02'),
(1534, '::1', 'Windows 8', 'Google Chrome v.54.0.2840.99', 'History', 'USER016001', '2016-12-14', '01:08:10'),
(1535, '::1', 'Windows 8', 'Google Chrome v.54.0.2840.99', 'History', 'USER016001', '2016-12-14', '01:15:40'),
(1536, '::1', 'Windows 8', 'Google Chrome v.54.0.2840.99', 'History', 'USER016001', '2016-12-14', '01:19:00'),
(1537, '::1', 'Windows 8', 'Google Chrome v.54.0.2840.99', 'History', 'USER016001', '2016-12-14', '01:20:14'),
(1538, '::1', 'Windows 8', 'Google Chrome v.54.0.2840.99', 'History', 'USER016001', '2016-12-14', '01:22:56'),
(1539, '::1', 'Windows 8', 'Google Chrome v.54.0.2840.99', 'Profile', 'USER016001', '2016-12-14', '01:24:36'),
(1540, '::1', 'Windows 8', 'Google Chrome v.54.0.2840.99', 'Diagnosa', 'USER016001', '2016-12-14', '01:24:41'),
(1541, '::1', 'Windows 8', 'Google Chrome v.54.0.2840.99', 'Profile', 'USER016001', '2016-12-14', '01:24:46'),
(1542, '::1', 'Windows 8', 'Google Chrome v.54.0.2840.99', 'Diagnosa', 'USER016001', '2016-12-14', '01:24:55'),
(1543, '::1', 'Windows 8', 'Google Chrome v.54.0.2840.99', 'Profile', 'USER016001', '2016-12-14', '01:24:57'),
(1544, '::1', 'Windows 8', 'Google Chrome v.54.0.2840.99', 'Diagnosa', 'USER016001', '2016-12-14', '01:25:28'),
(1545, '::1', 'Windows 8', 'Google Chrome v.54.0.2840.99', 'History', 'USER016001', '2016-12-14', '01:25:38'),
(1546, '::1', 'Windows 8', 'Google Chrome v.54.0.2840.99', 'History', 'USER016001', '2016-12-14', '01:34:41'),
(1547, '::1', 'Windows 8', 'Google Chrome v.54.0.2840.99', 'History', 'USER016001', '2016-12-14', '01:35:00'),
(1548, '::1', 'Windows 8', 'Google Chrome v.54.0.2840.99', 'History', 'USER016001', '2016-12-14', '01:35:39'),
(1549, '::1', 'Windows 8', 'Google Chrome v.54.0.2840.99', 'Diagnosa', 'USER016001', '2016-12-14', '01:36:19'),
(1550, '::1', 'Windows 8', 'Google Chrome v.54.0.2840.99', 'History', 'USER016001', '2016-12-14', '01:36:31'),
(1551, '::1', 'Windows 8', 'Google Chrome v.54.0.2840.99', 'History', 'USER016001', '2016-12-14', '01:39:05'),
(1552, '::1', 'Windows 8', 'Google Chrome v.54.0.2840.99', 'History', 'USER016001', '2016-12-14', '01:39:20'),
(1553, '::1', 'Windows 8', 'Google Chrome v.54.0.2840.99', 'Diagnosa', 'USER016001', '2016-12-14', '01:39:27'),
(1554, '::1', 'Windows 8', 'Google Chrome v.54.0.2840.99', 'History', 'USER016001', '2016-12-14', '01:39:40'),
(1555, '::1', 'Windows 8', 'Google Chrome v.54.0.2840.99', 'Laporan', 'USER016001', '2016-12-14', '01:40:06'),
(1556, '::1', 'Windows 8', 'Google Chrome v.54.0.2840.99', 'Profile', 'USER016001', '2016-12-14', '02:00:53'),
(1557, '::1', 'Windows 8', 'Google Chrome v.54.0.2840.99', 'Diagnosa', 'USER016001', '2016-12-14', '02:01:22'),
(1558, '::1', 'Windows 8', 'Google Chrome v.54.0.2840.99', 'Profile', 'USER016001', '2016-12-14', '02:02:36'),
(1559, '::1', 'Windows 8', 'Google Chrome v.54.0.2840.99', 'Profile', 'USER016001', '2016-12-14', '02:02:41'),
(1560, '::1', 'Windows 8', 'Google Chrome v.54.0.2840.99', 'Diagnosa', 'USER016001', '2016-12-14', '02:02:44'),
(1561, '::1', 'Windows 8', 'Google Chrome v.54.0.2840.99', 'Profile', 'USER016001', '2016-12-14', '02:02:49'),
(1562, '::1', 'Windows 8', 'Google Chrome v.54.0.2840.99', 'Profile', 'USER016001', '2016-12-14', '02:11:28'),
(1563, '::1', 'Windows 8', 'Google Chrome v.54.0.2840.99', 'Diagnosa', 'USER016001', '2016-12-14', '02:12:04'),
(1564, '::1', 'Windows 8', 'Google Chrome v.54.0.2840.99', 'Profile', 'USER016001', '2016-12-14', '02:12:06'),
(1565, '::1', 'Windows 8', 'Google Chrome v.54.0.2840.99', 'Diagnosa', 'USER016001', '2016-12-14', '02:12:07'),
(1566, '::1', 'Windows 8', 'Google Chrome v.54.0.2840.99', 'Profile', 'USER016001', '2016-12-14', '02:12:08'),
(1567, '::1', 'Windows 8', 'Google Chrome v.54.0.2840.99', 'Laporan', 'USER016001', '2016-12-14', '02:12:11'),
(1568, '::1', 'Windows 8', 'Google Chrome v.54.0.2840.99', 'History', 'USER016001', '2016-12-14', '02:12:12'),
(1569, '::1', 'Windows 8', 'Google Chrome v.54.0.2840.99', 'Profile', 'USER016001', '2016-12-14', '02:12:27'),
(1570, '::1', 'Windows 8', 'Google Chrome v.54.0.2840.99', 'Profile', 'USER016001', '2016-12-14', '02:12:53'),
(1571, '::1', 'Windows 8', 'Google Chrome v.54.0.2840.99', 'Home', 'USER016001', '2016-12-14', '02:22:53'),
(1572, '::1', 'Windows 8', 'Google Chrome v.54.0.2840.99', 'Profile', 'USER016001', '2016-12-14', '02:22:57'),
(1573, '::1', 'Windows 8', 'Google Chrome v.54.0.2840.99', 'Profile', 'USER016001', '2016-12-14', '02:24:56'),
(1574, '::1', 'Windows 8', 'Google Chrome v.54.0.2840.99', 'Profile', 'USER016001', '2016-12-14', '02:25:49'),
(1575, '::1', 'Windows 8', 'Google Chrome v.54.0.2840.99', 'Profile', 'USER016001', '2016-12-14', '02:25:51'),
(1576, '::1', 'Windows 8', 'Google Chrome v.54.0.2840.99', 'Diagnosa', 'USER016001', '2016-12-14', '02:26:00'),
(1577, '::1', 'Windows 8', 'Google Chrome v.54.0.2840.99', 'History', 'USER016001', '2016-12-14', '02:26:05'),
(1578, '::1', 'Windows 8', 'Google Chrome v.54.0.2840.99', 'Profile', 'USER016001', '2016-12-14', '02:26:23'),
(1579, '::1', 'Windows 8', 'Google Chrome v.54.0.2840.99', 'Profile', 'USER016001', '2016-12-14', '09:27:15'),
(1580, '::1', 'Windows 8', 'Google Chrome v.54.0.2840.99', 'Profile', 'USER016001', '2016-12-14', '09:27:18'),
(1581, '::1', 'Windows 8', 'Google Chrome v.54.0.2840.99', 'Profile', 'USER016001', '2016-12-14', '09:28:17'),
(1582, '::1', 'Windows 8', 'Google Chrome v.54.0.2840.99', 'Profile', 'USER016001', '2016-12-14', '09:28:32'),
(1583, '::1', 'Windows 8', 'Google Chrome v.54.0.2840.99', 'Profile', 'USER016001', '2016-12-14', '09:28:58'),
(1584, '::1', 'Windows 8', 'Google Chrome v.54.0.2840.99', 'History', 'USER016001', '2016-12-14', '09:29:02'),
(1585, '::1', 'Windows 8', 'Google Chrome v.54.0.2840.99', 'Profile', 'USER016001', '2016-12-14', '09:29:06'),
(1586, '::1', 'Windows 8', 'Google Chrome v.54.0.2840.99', 'History', 'USER016001', '2016-12-14', '09:29:12'),
(1587, '::1', 'Windows 8', 'Google Chrome v.54.0.2840.99', 'History', 'USER016001', '2016-12-14', '09:29:52'),
(1588, '::1', 'Windows 8', 'Google Chrome v.54.0.2840.99', 'Profile', 'USER016001', '2016-12-14', '09:29:56'),
(1589, '::1', 'Windows 8', 'Google Chrome v.54.0.2840.99', 'History', 'USER016001', '2016-12-14', '09:30:02'),
(1590, '::1', 'Windows 8', 'Google Chrome v.54.0.2840.99', 'History', 'USER016001', '2016-12-14', '09:38:33'),
(1591, '::1', 'Windows 8', 'Google Chrome v.54.0.2840.99', 'History', 'USER016001', '2016-12-14', '09:38:50'),
(1592, '::1', 'Windows 8', 'Google Chrome v.54.0.2840.99', 'History', 'USER016001', '2016-12-14', '09:40:29'),
(1593, '::1', 'Windows 8', 'Google Chrome v.54.0.2840.99', 'History', 'USER016001', '2016-12-14', '09:40:44'),
(1594, '::1', 'Windows 8', 'Google Chrome v.54.0.2840.99', 'History', 'USER016001', '2016-12-14', '09:41:35'),
(1595, '::1', 'Windows 8', 'Google Chrome v.54.0.2840.99', 'History', 'USER016001', '2016-12-14', '09:41:37'),
(1596, '::1', 'Windows 8', 'Google Chrome v.54.0.2840.99', 'History', 'USER016001', '2016-12-14', '09:42:06'),
(1597, '::1', 'Windows 8', 'Google Chrome v.54.0.2840.99', 'History', 'USER016001', '2016-12-14', '09:42:51'),
(1598, '::1', 'Windows 8', 'Google Chrome v.54.0.2840.99', 'History', 'USER016001', '2016-12-14', '09:42:53'),
(1599, '::1', 'Windows 8', 'Google Chrome v.54.0.2840.99', 'Profile', 'USER016001', '2016-12-14', '09:42:57'),
(1600, '::1', 'Windows 8', 'Google Chrome v.54.0.2840.99', 'Profile', 'USER016001', '2016-12-14', '09:43:19'),
(1601, '::1', 'Windows 8', 'Google Chrome v.54.0.2840.99', 'Profile', 'USER016001', '2016-12-14', '09:44:21'),
(1602, '::1', 'Windows 8', 'Google Chrome v.54.0.2840.99', 'Profile', 'USER016001', '2016-12-14', '09:44:27'),
(1603, '::1', 'Windows 8', 'Google Chrome v.54.0.2840.99', 'Profile', 'USER016001', '2016-12-14', '09:45:12'),
(1604, '::1', 'Windows 8', 'Google Chrome v.54.0.2840.99', 'Profile', 'USER016001', '2016-12-14', '09:45:16'),
(1605, '::1', 'Windows 8', 'Google Chrome v.54.0.2840.99', 'Profile', 'USER016001', '2016-12-14', '09:45:20'),
(1606, '::1', 'Windows 8', 'Google Chrome v.54.0.2840.99', 'Diagnosa', 'USER016001', '2016-12-14', '09:45:22'),
(1607, '::1', 'Windows 8', 'Google Chrome v.54.0.2840.99', 'History', 'USER016001', '2016-12-14', '09:45:29'),
(1608, '::1', 'Windows 8', 'Google Chrome v.54.0.2840.99', 'Profile', 'USER016001', '2016-12-14', '09:45:51'),
(1609, '::1', 'Windows 8', 'Google Chrome v.54.0.2840.99', 'Profile', 'USER016005', '2016-12-14', '09:46:11'),
(1610, '::1', 'Windows 8', 'Google Chrome v.54.0.2840.99', 'Diagnosa', 'USER016005', '2016-12-14', '09:46:23'),
(1611, '::1', 'Windows 8', 'Google Chrome v.54.0.2840.99', 'Diagnosa', 'USER016005', '2016-12-14', '09:49:12'),
(1612, '::1', 'Windows 8', 'Google Chrome v.54.0.2840.99', 'Diagnosa', 'USER016005', '2016-12-14', '09:49:14'),
(1613, '::1', 'Windows 8', 'Google Chrome v.54.0.2840.99', 'Diagnosa', 'USER016005', '2016-12-14', '09:50:03'),
(1614, '::1', 'Windows 8', 'Google Chrome v.54.0.2840.99', 'Diagnosa', 'USER016005', '2016-12-14', '09:51:47'),
(1615, '::1', 'Windows 8', 'Google Chrome v.54.0.2840.99', 'Diagnosa', 'USER016005', '2016-12-14', '09:51:49'),
(1616, '::1', 'Windows 8', 'Google Chrome v.54.0.2840.99', 'History', 'USER016005', '2016-12-14', '09:51:54'),
(1617, '::1', 'Windows 8', 'Google Chrome v.54.0.2840.99', 'History', 'USER016005', '2016-12-14', '09:52:04'),
(1618, '::1', 'Windows 8', 'Google Chrome v.54.0.2840.99', 'History', 'USER016005', '2016-12-14', '09:53:24'),
(1619, '::1', 'Windows 8', 'Google Chrome v.54.0.2840.99', 'History', 'USER016005', '2016-12-14', '09:53:57'),
(1620, '::1', 'Windows 8', 'Google Chrome v.54.0.2840.99', 'History', 'USER016005', '2016-12-14', '09:54:26'),
(1621, '::1', 'Windows 8', 'Google Chrome v.54.0.2840.99', 'Profile', 'USER016005', '2016-12-14', '09:54:50'),
(1622, '::1', 'Windows 8', 'Google Chrome v.54.0.2840.99', 'History Ot', 'USER016005', '2016-12-14', '09:54:55'),
(1623, '::1', 'Windows 8', 'Google Chrome v.54.0.2840.99', 'Profile', 'USER016005', '2016-12-14', '09:55:05'),
(1624, '::1', 'Windows 8', 'Google Chrome v.54.0.2840.99', 'Profile', 'USER016005', '2016-12-14', '09:55:20'),
(1625, '::1', 'Windows 8', 'Google Chrome v.54.0.2840.99', 'Profile', 'USER016005', '2016-12-14', '09:56:33'),
(1626, '::1', 'Windows 8', 'Google Chrome v.54.0.2840.99', 'History', 'USER016005', '2016-12-14', '09:56:38'),
(1627, '::1', 'Windows 8', 'Google Chrome v.54.0.2840.99', 'Profile', 'USER016005', '2016-12-14', '09:56:50'),
(1628, '::1', 'Windows 8', 'Google Chrome v.54.0.2840.99', 'History', 'USER016005', '2016-12-14', '09:56:57'),
(1629, '::1', 'Windows 8', 'Google Chrome v.54.0.2840.99', 'Profile', 'USER016005', '2016-12-14', '09:57:06'),
(1630, '::1', 'Windows 8', 'Google Chrome v.54.0.2840.99', 'Profile', 'USER016005', '2016-12-14', '09:58:24'),
(1631, '::1', 'Windows 8', 'Google Chrome v.54.0.2840.99', 'History Ot', 'USER016005', '2016-12-14', '09:58:31'),
(1632, '::1', 'Windows 8', 'Google Chrome v.54.0.2840.99', 'History Ot', 'USER016005', '2016-12-14', '09:59:29'),
(1633, '::1', 'Windows 8', 'Google Chrome v.54.0.2840.99', 'History Ot', 'USER016005', '2016-12-14', '09:59:39'),
(1634, '::1', 'Windows 8', 'Google Chrome v.54.0.2840.99', 'History Ot', 'USER016005', '2016-12-14', '10:00:27'),
(1635, '::1', 'Windows 8', 'Google Chrome v.54.0.2840.99', 'History', 'USER016005', '2016-12-14', '10:00:59'),
(1636, '::1', 'Windows 8', 'Google Chrome v.54.0.2840.99', 'Profile', 'USER016005', '2016-12-14', '10:01:03'),
(1637, '::1', 'Windows 8', 'Google Chrome v.54.0.2840.99', 'Profile', 'USER016005', '2016-12-14', '10:02:00'),
(1638, '::1', 'Windows 8', 'Google Chrome v.54.0.2840.99', 'Profile', 'USER016005', '2016-12-14', '10:02:05'),
(1639, '::1', 'Windows 8', 'Google Chrome v.54.0.2840.99', 'History', 'USER016005', '2016-12-14', '10:02:15'),
(1640, '::1', 'Windows 8', 'Google Chrome v.54.0.2840.99', 'History', 'USER016005', '2016-12-14', '10:03:02'),
(1641, '::1', 'Windows 8', 'Google Chrome v.54.0.2840.99', 'Diagnosa', 'USER016005', '2016-12-14', '10:03:04'),
(1642, '::1', 'Windows 8', 'Google Chrome v.54.0.2840.99', 'History', 'USER016005', '2016-12-14', '10:03:14'),
(1643, '::1', 'Windows 8', 'Google Chrome v.54.0.2840.99', 'Profile', 'USER016005', '2016-12-14', '10:03:32'),
(1644, '::1', 'Windows 8', 'Google Chrome v.54.0.2840.99', 'History', 'USER016005', '2016-12-14', '10:03:35'),
(1645, '::1', 'Windows 8', 'Google Chrome v.54.0.2840.99', 'Profile', 'USER016005', '2016-12-14', '10:03:46'),
(1646, '::1', 'Windows 8', 'Google Chrome v.54.0.2840.99', 'Profile', 'USER016005', '2016-12-14', '10:03:53'),
(1647, '::1', 'Windows 8', 'Google Chrome v.54.0.2840.99', 'Home', 'USER016001', '2016-12-14', '10:04:26'),
(1648, '::1', 'Windows 8', 'Google Chrome v.54.0.2840.99', 'Diagnosa', 'USER016001', '2016-12-14', '10:04:30'),
(1649, '::1', 'Windows 8', 'Google Chrome v.54.0.2840.99', 'Profile', 'USER016001', '2016-12-14', '10:04:35'),
(1650, '::1', 'Windows 8', 'Google Chrome v.54.0.2840.99', 'Diagnosa', 'USER016001', '2016-12-14', '10:04:47'),
(1651, '::1', 'Windows 8', 'Google Chrome v.54.0.2840.99', 'History', 'USER016001', '2016-12-14', '10:04:53'),
(1652, '::1', 'Windows 8', 'Google Chrome v.54.0.2840.99', 'Profile', 'USER016001', '2016-12-14', '10:05:10'),
(1653, '::1', 'Windows 8', 'Google Chrome v.54.0.2840.99', 'Diagnosa', 'USER016001', '2016-12-14', '10:05:43'),
(1654, '::1', 'Windows 8', 'Google Chrome v.54.0.2840.99', 'History', 'USER016001', '2016-12-14', '10:05:48'),
(1655, '::1', 'Windows 8', 'Google Chrome v.54.0.2840.99', 'Profile', 'USER016001', '2016-12-14', '10:06:10'),
(1656, '::1', 'Windows 8', 'Google Chrome v.54.0.2840.99', 'Home', 'USER016001', '2016-12-14', '10:06:33'),
(1657, '::1', 'Windows 8', 'Google Chrome v.54.0.2840.99', 'Statistik', 'USER016001', '2016-12-14', '10:06:43'),
(1658, '::1', 'Windows 8', 'Google Chrome v.54.0.2840.99', 'Home', 'USER016001', '2016-12-14', '10:06:54'),
(1659, '::1', 'Windows 8', 'Google Chrome v.54.0.2840.99', 'Profile', 'USER016001', '2016-12-14', '10:06:59'),
(1660, '::1', 'Windows 8', 'Google Chrome v.54.0.2840.99', 'History', 'USER016001', '2016-12-14', '10:07:03'),
(1661, '::1', 'Windows 8', 'Google Chrome v.54.0.2840.99', 'Profile', 'USER016001', '2016-12-14', '10:07:46'),
(1662, '::1', 'Windows 8', 'Google Chrome v.54.0.2840.99', 'Profile', 'USER016005', '2016-12-14', '23:02:22'),
(1663, '::1', 'Windows 8', 'Google Chrome v.54.0.2840.99', 'Profile', 'USER016005', '2016-12-15', '23:02:50'),
(1664, '::1', 'Windows 8', 'Google Chrome v.54.0.2840.99', 'Profile', 'USER016005', '2016-12-15', '23:03:03'),
(1665, '::1', 'Windows 8', 'Google Chrome v.54.0.2840.99', 'History', 'USER016005', '2016-12-15', '23:03:13'),
(1666, '::1', 'Windows 8', 'Google Chrome v.54.0.2840.99', 'Diagnosa', 'USER016005', '2016-12-15', '23:03:39'),
(1667, '::1', 'Windows 8', 'Google Chrome v.54.0.2840.99', 'History', 'USER016005', '2016-12-15', '23:04:10'),
(1668, '::1', 'Windows 8', 'Google Chrome v.54.0.2840.99', 'Profile', 'USER016005', '2016-12-15', '23:11:26'),
(1669, '::1', 'Windows 8', 'Google Chrome v.54.0.2840.99', 'History Ot', 'USER016005', '2016-12-15', '23:12:03'),
(1670, '::1', 'Windows 8', 'Google Chrome v.54.0.2840.99', 'Profile', 'USER016005', '2016-12-15', '23:12:13'),
(1671, '::1', 'Windows 8', 'Google Chrome v.54.0.2840.99', 'Profile', 'USER016005', '2016-12-15', '23:12:18'),
(1672, '::1', 'Windows 8', 'Google Chrome v.54.0.2840.99', 'History', 'USER016005', '2016-12-15', '23:12:32'),
(1673, '::1', 'Windows 8', 'Google Chrome v.54.0.2840.99', 'Laporan', 'USER016005', '2016-12-15', '23:13:07'),
(1674, '::1', 'Windows 8', 'Google Chrome v.54.0.2840.99', 'Diagnosa', 'USER016005', '2016-12-15', '23:13:17'),
(1675, '::1', 'Windows 8', 'Google Chrome v.54.0.2840.99', 'Profile', 'USER016005', '2016-12-15', '23:15:01'),
(1676, '::1', 'Windows 8', 'Google Chrome v.54.0.2840.99', 'Profile', 'USER016005', '2016-12-15', '23:20:19'),
(1677, '::1', 'Windows 8', 'Google Chrome v.54.0.2840.99', 'Home', 'USER016001', '2016-12-18', '12:37:17'),
(1678, '::1', 'Windows 8', 'Google Chrome v.54.0.2840.99', 'Profile', 'USER016005', '2016-12-18', '12:37:38'),
(1679, '::1', 'Windows 8', 'Google Chrome v.54.0.2840.99', 'Diagnosa', 'USER016005', '2016-12-18', '12:37:46'),
(1680, '::1', 'Windows 8', 'Google Chrome v.54.0.2840.99', 'Profile', 'USER016005', '2016-12-18', '12:37:58'),
(1681, '::1', 'Windows 8', 'Google Chrome v.54.0.2840.99', 'Diagnosa', 'USER016005', '2016-12-18', '12:38:06'),
(1682, '::1', 'Windows 8', 'Google Chrome v.54.0.2840.99', 'Laporan', 'USER016005', '2016-12-18', '12:38:09'),
(1683, '::1', 'Windows 8', 'Google Chrome v.54.0.2840.99', 'Profile', 'USER016005', '2016-12-18', '12:38:18'),
(1684, '::1', 'Windows 8', 'Google Chrome v.54.0.2840.99', 'Profile', 'USER016005', '2016-12-18', '12:38:32'),
(1685, '::1', 'Windows 8', 'Google Chrome v.54.0.2840.99', 'History', 'USER016005', '2016-12-18', '12:38:43'),
(1686, '::1', 'Windows 8', 'Google Chrome v.54.0.2840.99', 'Profile', 'USER016005', '2016-12-18', '13:44:24'),
(1687, '::1', 'Windows 8', 'Google Chrome v.54.0.2840.99', 'Home', 'USER016001', '2016-12-18', '13:46:11'),
(1688, '::1', 'Windows 8', 'Google Chrome v.54.0.2840.99', 'Home', 'USER016001', '2016-12-18', '14:04:46'),
(1689, '120.188.81.240', 'Unknown', 'Google Chrome v.55.0.2883.87', 'Profile', 'USER016015', '2016-12-19', '06:22:05'),
(1690, '120.188.81.240', 'Unknown', 'Google Chrome v.55.0.2883.87', 'Diagnosa', 'USER016015', '2016-12-19', '06:23:54'),
(1691, '120.188.81.240', 'Unknown', 'Google Chrome v.55.0.2883.87', 'History', 'USER016015', '2016-12-19', '06:24:04'),
(1692, '202.91.9.25', 'Windows 7', 'Google Chrome v.55.0.2883.87', 'Home', 'USER016001', '2016-12-19', '09:41:13'),
(1693, '202.91.9.25', 'Windows 7', 'Google Chrome v.55.0.2883.87', 'Profile', 'USER016005', '2016-12-19', '09:55:54'),
(1694, '202.91.9.25', 'Windows 7', 'Google Chrome v.55.0.2883.87', 'History Ot', 'USER016005', '2016-12-19', '09:56:01'),
(1695, '202.91.9.25', 'Windows 7', 'Google Chrome v.55.0.2883.87', 'Profile', 'USER016005', '2016-12-19', '09:56:08'),
(1696, '202.91.9.25', 'Windows 7', 'Google Chrome v.55.0.2883.87', 'Profile', 'USER016005', '2016-12-19', '09:56:12'),
(1697, '202.91.9.25', 'Windows 7', 'Google Chrome v.55.0.2883.87', 'Profile', 'USER016005', '2016-12-19', '10:02:04'),
(1698, '202.91.9.25', 'Windows 7', 'Google Chrome v.55.0.2883.87', 'Diagnosa', 'USER016005', '2016-12-19', '10:02:24'),
(1699, '202.91.9.25', 'Windows 7', 'Google Chrome v.55.0.2883.87', 'History', 'USER016005', '2016-12-19', '10:02:32'),
(1700, '202.91.9.25', 'Windows 7', 'Google Chrome v.55.0.2883.87', 'Profile', 'USER016005', '2016-12-19', '10:03:23'),
(1701, '202.91.9.25', 'Windows 7', 'Google Chrome v.55.0.2883.87', 'Home', 'USER016001', '2016-12-19', '10:03:55'),
(1702, '202.91.9.25', 'Windows 7', 'Google Chrome v.55.0.2883.87', 'Gejala', 'USER016001', '2016-12-19', '10:04:21'),
(1703, '::1', 'Windows 8', 'Google Chrome v.55.0.2883.87', 'Profile', 'USER016005', '2016-12-29', '06:07:18'),
(1704, '::1', 'Windows 8', 'Google Chrome v.55.0.2883.87', 'Profile', 'USER016005', '2016-12-29', '06:07:27'),
(1705, '::1', 'Windows 8', 'Google Chrome v.55.0.2883.87', 'Diagnosa', 'USER016005', '2016-12-29', '06:07:39'),
(1706, '::1', 'Windows 8', 'Google Chrome v.55.0.2883.87', 'History', 'USER016005', '2016-12-29', '06:07:47'),
(1707, '::1', 'Windows 8', 'Google Chrome v.55.0.2883.87', 'Laporan', 'USER016005', '2016-12-29', '06:08:29'),
(1708, '::1', 'Windows 8', 'Google Chrome v.55.0.2883.87', 'Profile', 'USER016005', '2016-12-29', '07:02:01'),
(1709, '::1', 'Windows 8', 'Google Chrome v.55.0.2883.87', 'Profile', 'USER016005', '2016-12-29', '07:09:52'),
(1710, '::1', 'Windows 8', 'Google Chrome v.55.0.2883.87', 'Profile', 'USER016005', '2016-12-29', '07:09:56'),
(1711, '::1', 'Windows 8', 'Google Chrome v.55.0.2883.87', 'Diagnosa', 'USER016005', '2016-12-29', '07:11:06'),
(1712, '::1', 'Windows 8', 'Google Chrome v.55.0.2883.87', 'Laporan', 'USER016005', '2016-12-29', '07:16:17'),
(1713, '::1', 'Windows 8', 'Google Chrome v.55.0.2883.87', 'History', 'USER016005', '2016-12-29', '07:18:39'),
(1714, '::1', 'Windows 8', 'Google Chrome v.55.0.2883.87', 'Profile', 'USER016005', '2016-12-29', '07:18:42'),
(1715, '::1', 'Windows 8', 'Google Chrome v.55.0.2883.87', 'History', 'USER016005', '2016-12-29', '07:18:44'),
(1716, '::1', 'Windows 8', 'Google Chrome v.55.0.2883.87', 'Profile', 'USER016005', '2017-01-01', '09:11:17'),
(1717, '::1', 'Windows 8', 'Google Chrome v.55.0.2883.87', 'Profile', 'USER016005', '2017-01-01', '09:14:19'),
(1718, '::1', 'Windows 8', 'Google Chrome v.55.0.2883.87', 'History', 'USER016005', '2017-01-01', '09:14:31'),
(1719, '::1', 'Windows 8', 'Google Chrome v.55.0.2883.87', 'Profile', 'USER016005', '2017-01-01', '09:14:52'),
(1720, '::1', 'Windows 8', 'Google Chrome v.55.0.2883.87', 'History', 'USER016005', '2017-01-01', '09:14:57'),
(1721, '::1', 'Windows 8', 'Google Chrome v.55.0.2883.87', 'Profile', 'USER016005', '2017-01-01', '09:53:41'),
(1722, '::1', 'Windows 8', 'Google Chrome v.55.0.2883.87', 'History', 'USER016005', '2017-01-01', '09:53:47'),
(1723, '::1', 'Windows 8', 'Google Chrome v.55.0.2883.87', 'Profile', 'USER016005', '2017-01-01', '09:53:52'),
(1724, '::1', 'Windows 8', 'Google Chrome v.55.0.2883.87', 'History', 'USER016005', '2017-01-01', '09:55:21'),
(1725, '::1', 'Windows 8', 'Google Chrome v.55.0.2883.87', 'Home', 'USER016001', '2017-01-01', '09:58:12'),
(1726, '::1', 'Windows 8', 'Google Chrome v.55.0.2883.87', 'Gejala', 'USER016001', '2017-01-01', '09:58:17'),
(1727, '::1', 'Windows 8', 'Google Chrome v.55.0.2883.87', 'Aturan', 'USER016001', '2017-01-01', '09:58:26'),
(1728, '::1', 'Windows 8', 'Google Chrome v.55.0.2883.87', 'Profile', 'USER016001', '2017-01-01', '09:58:45'),
(1729, '::1', 'Windows 8', 'Google Chrome v.55.0.2883.87', 'History', 'USER016001', '2017-01-01', '09:58:48'),
(1730, '::1', 'Windows 8', 'Google Chrome v.55.0.2883.87', 'Profile', 'USER016001', '2017-01-01', '10:03:15'),
(1731, '::1', 'Windows 8', 'Google Chrome v.55.0.2883.87', 'Diagnosa', 'USER016001', '2017-01-01', '10:03:18'),
(1732, '::1', 'Windows 8', 'Google Chrome v.55.0.2883.87', 'History', 'USER016001', '2017-01-01', '10:03:25'),
(1733, '::1', 'Windows 8', 'Google Chrome v.55.0.2883.87', 'Gejala', 'USER016001', '2017-01-01', '10:27:06'),
(1734, '::1', 'Windows 8', 'Google Chrome v.55.0.2883.87', 'Gejala', 'USER016001', '2017-01-01', '10:27:11'),
(1735, '::1', 'Windows 8', 'Google Chrome v.55.0.2883.87', 'Gejala', 'USER016001', '2017-01-01', '10:34:56'),
(1736, '::1', 'Windows 8', 'Google Chrome v.55.0.2883.87', 'Penyakit', 'USER016001', '2017-01-01', '10:35:04'),
(1737, '::1', 'Windows 8', 'Google Chrome v.55.0.2883.87', 'Penyakit', 'USER016001', '2017-01-01', '10:35:33'),
(1738, '::1', 'Windows 8', 'Google Chrome v.55.0.2883.87', 'Penyakit', 'USER016001', '2017-01-01', '10:35:58'),
(1739, '::1', 'Windows 8', 'Google Chrome v.55.0.2883.87', 'Penyakit', 'USER016001', '2017-01-01', '10:36:16'),
(1740, '::1', 'Windows 8', 'Google Chrome v.55.0.2883.87', 'Penyakit', 'USER016001', '2017-01-01', '10:36:30'),
(1741, '::1', 'Windows 8', 'Google Chrome v.55.0.2883.87', 'Gejala', 'USER016001', '2017-01-01', '10:36:36'),
(1742, '::1', 'Windows 8', 'Google Chrome v.55.0.2883.87', 'Gejala', 'USER016001', '2017-01-01', '10:36:55'),
(1743, '::1', 'Windows 8', 'Google Chrome v.55.0.2883.87', 'Gejala', 'USER016001', '2017-01-01', '10:37:04'),
(1744, '::1', 'Windows 8', 'Google Chrome v.55.0.2883.87', 'Gejala', 'USER016001', '2017-01-01', '10:37:13'),
(1745, '::1', 'Windows 8', 'Google Chrome v.55.0.2883.87', 'Gejala', 'USER016001', '2017-01-01', '10:37:22'),
(1746, '::1', 'Windows 8', 'Google Chrome v.55.0.2883.87', 'Gejala', 'USER016001', '2017-01-01', '10:37:30'),
(1747, '::1', 'Windows 8', 'Google Chrome v.55.0.2883.87', 'Gejala', 'USER016001', '2017-01-01', '10:37:59'),
(1748, '::1', 'Windows 8', 'Google Chrome v.55.0.2883.87', 'Gejala', 'USER016001', '2017-01-01', '10:38:13'),
(1749, '::1', 'Windows 8', 'Google Chrome v.55.0.2883.87', 'Gejala', 'USER016001', '2017-01-01', '10:38:39'),
(1750, '::1', 'Windows 8', 'Google Chrome v.55.0.2883.87', 'Gejala', 'USER016001', '2017-01-01', '10:38:57'),
(1751, '::1', 'Windows 8', 'Google Chrome v.55.0.2883.87', 'Gejala', 'USER016001', '2017-01-01', '10:39:02'),
(1752, '::1', 'Windows 8', 'Google Chrome v.55.0.2883.87', 'Gejala', 'USER016001', '2017-01-01', '10:39:09'),
(1753, '::1', 'Windows 8', 'Google Chrome v.55.0.2883.87', 'Gejala', 'USER016001', '2017-01-01', '10:39:17'),
(1754, '::1', 'Windows 8', 'Google Chrome v.55.0.2883.87', 'Gejala', 'USER016001', '2017-01-01', '10:39:28'),
(1755, '::1', 'Windows 8', 'Google Chrome v.55.0.2883.87', 'Gejala', 'USER016001', '2017-01-01', '10:39:41'),
(1756, '::1', 'Windows 8', 'Google Chrome v.55.0.2883.87', 'Gejala', 'USER016001', '2017-01-01', '10:39:56'),
(1757, '::1', 'Windows 8', 'Google Chrome v.55.0.2883.87', 'Gejala', 'USER016001', '2017-01-01', '10:40:05'),
(1758, '::1', 'Windows 8', 'Google Chrome v.55.0.2883.87', 'Gejala', 'USER016001', '2017-01-01', '10:40:18'),
(1759, '::1', 'Windows 8', 'Google Chrome v.55.0.2883.87', 'Gejala', 'USER016001', '2017-01-01', '10:40:27'),
(1760, '::1', 'Windows 8', 'Google Chrome v.55.0.2883.87', 'Gejala', 'USER016001', '2017-01-01', '10:40:31'),
(1761, '::1', 'Windows 8', 'Google Chrome v.55.0.2883.87', 'Gejala', 'USER016001', '2017-01-01', '10:40:40'),
(1762, '::1', 'Windows 8', 'Google Chrome v.55.0.2883.87', 'Gejala', 'USER016001', '2017-01-01', '10:40:51'),
(1763, '::1', 'Windows 8', 'Google Chrome v.55.0.2883.87', 'Gejala', 'USER016001', '2017-01-01', '10:40:57'),
(1764, '::1', 'Windows 8', 'Google Chrome v.55.0.2883.87', 'Gejala', 'USER016001', '2017-01-01', '10:41:10'),
(1765, '::1', 'Windows 8', 'Google Chrome v.55.0.2883.87', 'Gejala', 'USER016001', '2017-01-01', '10:41:15'),
(1766, '::1', 'Windows 8', 'Google Chrome v.55.0.2883.87', 'Gejala', 'USER016001', '2017-01-01', '10:41:20'),
(1767, '::1', 'Windows 8', 'Google Chrome v.55.0.2883.87', 'Gejala', 'USER016001', '2017-01-01', '10:41:32'),
(1768, '::1', 'Windows 8', 'Google Chrome v.55.0.2883.87', 'Gejala', 'USER016001', '2017-01-01', '10:41:53'),
(1769, '::1', 'Windows 8', 'Google Chrome v.55.0.2883.87', 'Gejala', 'USER016001', '2017-01-01', '10:42:07'),
(1770, '::1', 'Windows 8', 'Google Chrome v.55.0.2883.87', 'Gejala', 'USER016001', '2017-01-01', '10:42:15'),
(1771, '::1', 'Windows 8', 'Google Chrome v.55.0.2883.87', 'Gejala', 'USER016001', '2017-01-01', '10:42:20'),
(1772, '::1', 'Windows 8', 'Google Chrome v.55.0.2883.87', 'Gejala', 'USER016001', '2017-01-01', '10:42:30'),
(1773, '::1', 'Windows 8', 'Google Chrome v.55.0.2883.87', 'Gejala', 'USER016001', '2017-01-01', '10:42:38'),
(1774, '::1', 'Windows 8', 'Google Chrome v.55.0.2883.87', 'Gejala', 'USER016001', '2017-01-01', '10:42:47'),
(1775, '::1', 'Windows 8', 'Google Chrome v.55.0.2883.87', 'Gejala', 'USER016001', '2017-01-01', '10:42:55'),
(1776, '::1', 'Windows 8', 'Google Chrome v.55.0.2883.87', 'Gejala', 'USER016001', '2017-01-01', '10:43:03');
INSERT INTO `statistik` (`id_statistik`, `ip`, `os`, `browser`, `page`, `id_pakar`, `hari`, `jam`) VALUES
(1777, '::1', 'Windows 8', 'Google Chrome v.55.0.2883.87', 'Aturan', 'USER016001', '2017-01-01', '10:43:12'),
(1778, '::1', 'Windows 8', 'Google Chrome v.55.0.2883.87', 'Aturan', 'USER016001', '2017-01-01', '10:43:51'),
(1779, '::1', 'Windows 8', 'Google Chrome v.55.0.2883.87', 'Aturan', 'USER016001', '2017-01-01', '10:44:04'),
(1780, '::1', 'Windows 8', 'Google Chrome v.55.0.2883.87', 'Aturan', 'USER016001', '2017-01-01', '10:44:17'),
(1781, '::1', 'Windows 8', 'Google Chrome v.55.0.2883.87', 'Aturan', 'USER016001', '2017-01-01', '10:44:38'),
(1782, '::1', 'Windows 8', 'Google Chrome v.55.0.2883.87', 'Aturan', 'USER016001', '2017-01-01', '10:44:48'),
(1783, '::1', 'Windows 8', 'Google Chrome v.55.0.2883.87', 'Aturan', 'USER016001', '2017-01-01', '10:45:14'),
(1784, '::1', 'Windows 8', 'Google Chrome v.55.0.2883.87', 'Aturan', 'USER016001', '2017-01-01', '10:46:00'),
(1785, '::1', 'Windows 8', 'Google Chrome v.55.0.2883.87', 'Aturan', 'USER016001', '2017-01-01', '10:46:40'),
(1786, '::1', 'Windows 8', 'Google Chrome v.55.0.2883.87', 'Aturan', 'USER016001', '2017-01-01', '10:47:14'),
(1787, '::1', 'Windows 8', 'Google Chrome v.55.0.2883.87', 'Aturan', 'USER016001', '2017-01-01', '10:47:34'),
(1788, '::1', 'Windows 8', 'Google Chrome v.55.0.2883.87', 'Aturan', 'USER016001', '2017-01-01', '10:47:54'),
(1789, '::1', 'Windows 8', 'Google Chrome v.55.0.2883.87', 'Aturan', 'USER016001', '2017-01-01', '10:48:05'),
(1790, '::1', 'Windows 8', 'Google Chrome v.55.0.2883.87', 'Aturan', 'USER016001', '2017-01-01', '10:49:03'),
(1791, '::1', 'Windows 8', 'Google Chrome v.55.0.2883.87', 'Aturan', 'USER016001', '2017-01-01', '10:49:19'),
(1792, '::1', 'Windows 8', 'Google Chrome v.55.0.2883.87', 'Gejala', 'USER016001', '2017-01-01', '10:49:24'),
(1793, '::1', 'Windows 8', 'Google Chrome v.55.0.2883.87', 'Gejala', 'USER016001', '2017-01-01', '10:49:34'),
(1794, '::1', 'Windows 8', 'Google Chrome v.55.0.2883.87', 'Gejala', 'USER016001', '2017-01-01', '10:49:38'),
(1795, '::1', 'Windows 8', 'Google Chrome v.55.0.2883.87', 'Aturan', 'USER016001', '2017-01-01', '10:49:46'),
(1796, '::1', 'Windows 8', 'Google Chrome v.55.0.2883.87', 'Aturan', 'USER016001', '2017-01-01', '10:50:02'),
(1797, '::1', 'Windows 8', 'Google Chrome v.55.0.2883.87', 'Aturan', 'USER016001', '2017-01-01', '10:50:24'),
(1798, '::1', 'Windows 8', 'Google Chrome v.55.0.2883.87', 'Aturan', 'USER016001', '2017-01-01', '10:50:44'),
(1799, '::1', 'Windows 8', 'Google Chrome v.55.0.2883.87', 'Aturan', 'USER016001', '2017-01-01', '10:51:09'),
(1800, '::1', 'Windows 8', 'Google Chrome v.55.0.2883.87', 'Aturan', 'USER016001', '2017-01-01', '10:51:27'),
(1801, '::1', 'Windows 8', 'Google Chrome v.55.0.2883.87', 'Aturan', 'USER016001', '2017-01-01', '10:51:31'),
(1802, '::1', 'Windows 8', 'Google Chrome v.55.0.2883.87', 'Aturan', 'USER016001', '2017-01-01', '10:51:37'),
(1803, '::1', 'Windows 8', 'Google Chrome v.55.0.2883.87', 'Aturan', 'USER016001', '2017-01-01', '10:52:01'),
(1804, '::1', 'Windows 8', 'Google Chrome v.55.0.2883.87', 'Aturan', 'USER016001', '2017-01-01', '10:52:20'),
(1805, '::1', 'Windows 8', 'Google Chrome v.55.0.2883.87', 'Aturan', 'USER016001', '2017-01-01', '10:52:39'),
(1806, '::1', 'Windows 8', 'Google Chrome v.55.0.2883.87', 'Aturan', 'USER016001', '2017-01-01', '10:52:58'),
(1807, '::1', 'Windows 8', 'Google Chrome v.55.0.2883.87', 'Aturan', 'USER016001', '2017-01-01', '10:53:22'),
(1808, '::1', 'Windows 8', 'Google Chrome v.55.0.2883.87', 'Aturan', 'USER016001', '2017-01-01', '10:53:38'),
(1809, '::1', 'Windows 8', 'Google Chrome v.55.0.2883.87', 'Aturan', 'USER016001', '2017-01-01', '10:53:49'),
(1810, '::1', 'Windows 8', 'Google Chrome v.55.0.2883.87', 'Aturan', 'USER016001', '2017-01-01', '10:56:30'),
(1811, '::1', 'Windows 8', 'Google Chrome v.55.0.2883.87', 'Aturan', 'USER016001', '2017-01-01', '10:56:43'),
(1812, '::1', 'Windows 8', 'Google Chrome v.55.0.2883.87', 'Aturan', 'USER016001', '2017-01-01', '10:56:54'),
(1813, '::1', 'Windows 8', 'Google Chrome v.55.0.2883.87', 'Aturan', 'USER016001', '2017-01-01', '10:57:07'),
(1814, '::1', 'Windows 8', 'Google Chrome v.55.0.2883.87', 'Aturan', 'USER016001', '2017-01-01', '10:57:18'),
(1815, '::1', 'Windows 8', 'Google Chrome v.55.0.2883.87', 'Aturan', 'USER016001', '2017-01-01', '10:57:46'),
(1816, '::1', 'Windows 8', 'Google Chrome v.55.0.2883.87', 'Aturan', 'USER016001', '2017-01-01', '10:58:17'),
(1817, '::1', 'Windows 8', 'Google Chrome v.55.0.2883.87', 'Aturan', 'USER016001', '2017-01-01', '10:58:25'),
(1818, '::1', 'Windows 8', 'Google Chrome v.55.0.2883.87', 'Aturan', 'USER016001', '2017-01-01', '10:58:55'),
(1819, '::1', 'Windows 8', 'Google Chrome v.55.0.2883.87', 'Aturan', 'USER016001', '2017-01-01', '10:59:22'),
(1820, '::1', 'Windows 8', 'Google Chrome v.55.0.2883.87', 'Aturan', 'USER016001', '2017-01-01', '10:59:31'),
(1821, '::1', 'Windows 8', 'Google Chrome v.55.0.2883.87', 'Diagnosa', 'USER016001', '2017-01-01', '10:59:36'),
(1822, '::1', 'Windows 8', 'Google Chrome v.55.0.2883.87', 'Aturan', 'USER016001', '2017-01-01', '10:59:52'),
(1823, '::1', 'Windows 8', 'Google Chrome v.55.0.2883.87', 'Aturan', 'USER016001', '2017-01-01', '11:39:34'),
(1824, '::1', 'Windows 8', 'Google Chrome v.55.0.2883.87', 'Aturan', 'USER016001', '2017-01-01', '11:41:56'),
(1825, '::1', 'Windows 8', 'Google Chrome v.55.0.2883.87', 'Aturan', 'USER016001', '2017-01-01', '11:42:07'),
(1826, '::1', 'Windows 8', 'Google Chrome v.55.0.2883.87', 'Aturan', 'USER016001', '2017-01-01', '11:42:20'),
(1827, '::1', 'Windows 8', 'Google Chrome v.55.0.2883.87', 'Aturan', 'USER016001', '2017-01-01', '11:42:37'),
(1828, '::1', 'Windows 8', 'Google Chrome v.55.0.2883.87', 'Aturan', 'USER016001', '2017-01-01', '11:45:29'),
(1829, '::1', 'Windows 8', 'Google Chrome v.55.0.2883.87', 'Aturan', 'USER016001', '2017-01-01', '11:45:48'),
(1830, '::1', 'Windows 8', 'Google Chrome v.55.0.2883.87', 'Aturan', 'USER016001', '2017-01-01', '11:46:20'),
(1831, '::1', 'Windows 8', 'Google Chrome v.55.0.2883.87', 'Aturan', 'USER016001', '2017-01-01', '11:46:36'),
(1832, '::1', 'Windows 8', 'Google Chrome v.55.0.2883.87', 'Aturan', 'USER016001', '2017-01-01', '11:46:47'),
(1833, '::1', 'Windows 8', 'Google Chrome v.55.0.2883.87', 'Aturan', 'USER016001', '2017-01-01', '11:47:00'),
(1834, '::1', 'Windows 8', 'Google Chrome v.55.0.2883.87', 'Aturan', 'USER016001', '2017-01-01', '11:47:14'),
(1835, '::1', 'Windows 8', 'Google Chrome v.55.0.2883.87', 'Aturan', 'USER016001', '2017-01-01', '11:47:24'),
(1836, '::1', 'Windows 8', 'Google Chrome v.55.0.2883.87', 'Aturan', 'USER016001', '2017-01-01', '11:47:37'),
(1837, '::1', 'Windows 8', 'Google Chrome v.55.0.2883.87', 'Aturan', 'USER016001', '2017-01-01', '11:47:49'),
(1838, '::1', 'Windows 8', 'Google Chrome v.55.0.2883.87', 'Aturan', 'USER016001', '2017-01-01', '11:49:53'),
(1839, '::1', 'Windows 8', 'Google Chrome v.55.0.2883.87', 'Aturan', 'USER016001', '2017-01-01', '11:50:05'),
(1840, '::1', 'Windows 8', 'Google Chrome v.55.0.2883.87', 'Aturan', 'USER016001', '2017-01-01', '11:50:19'),
(1841, '::1', 'Windows 8', 'Google Chrome v.55.0.2883.87', 'Aturan', 'USER016001', '2017-01-01', '11:50:29'),
(1842, '::1', 'Windows 8', 'Google Chrome v.55.0.2883.87', 'Aturan', 'USER016001', '2017-01-01', '11:50:41'),
(1843, '::1', 'Windows 8', 'Google Chrome v.55.0.2883.87', 'Aturan', 'USER016001', '2017-01-01', '11:51:17'),
(1844, '::1', 'Windows 8', 'Google Chrome v.55.0.2883.87', 'Aturan', 'USER016001', '2017-01-01', '11:51:26'),
(1845, '::1', 'Windows 8', 'Google Chrome v.55.0.2883.87', 'Aturan', 'USER016001', '2017-01-01', '11:52:21'),
(1846, '::1', 'Windows 8', 'Google Chrome v.55.0.2883.87', 'Aturan', 'USER016001', '2017-01-01', '11:52:32'),
(1847, '::1', 'Windows 8', 'Google Chrome v.55.0.2883.87', 'Aturan', 'USER016001', '2017-01-01', '11:52:46'),
(1848, '::1', 'Windows 8', 'Google Chrome v.55.0.2883.87', 'Aturan', 'USER016001', '2017-01-01', '11:52:55'),
(1849, '::1', 'Windows 8', 'Google Chrome v.55.0.2883.87', 'Aturan', 'USER016001', '2017-01-01', '11:53:10'),
(1850, '::1', 'Windows 8', 'Google Chrome v.55.0.2883.87', 'Aturan', 'USER016001', '2017-01-01', '11:53:21'),
(1851, '::1', 'Windows 8', 'Google Chrome v.55.0.2883.87', 'Aturan', 'USER016001', '2017-01-01', '11:53:32'),
(1852, '::1', 'Windows 8', 'Google Chrome v.55.0.2883.87', 'Diagnosa', 'USER016001', '2017-01-01', '11:53:34'),
(1853, '::1', 'Windows 8', 'Google Chrome v.55.0.2883.87', 'History', 'USER016001', '2017-01-01', '11:54:30'),
(1854, '::1', 'Windows 8', 'Google Chrome v.55.0.2883.87', 'Profile', 'USER016001', '2017-01-01', '12:10:00'),
(1855, '::1', 'Windows 8', 'Google Chrome v.55.0.2883.87', 'Profile', 'USER016001', '2017-01-01', '12:10:04'),
(1856, '::1', 'Windows 8', 'Google Chrome v.55.0.2883.87', 'Aturan', 'USER016001', '2017-01-01', '12:10:08'),
(1857, '::1', 'Windows 8', 'Google Chrome v.55.0.2883.87', 'Diagnosa', 'USER016001', '2017-01-01', '12:10:10'),
(1858, '::1', 'Windows 8', 'Google Chrome v.55.0.2883.87', 'History', 'USER016001', '2017-01-01', '12:12:03'),
(1859, '::1', 'Windows 8', 'Google Chrome v.55.0.2883.87', 'History', 'USER016001', '2017-01-01', '12:13:53'),
(1860, '::1', 'Windows 8', 'Google Chrome v.55.0.2883.87', 'History', 'USER016001', '2017-01-01', '12:15:07'),
(1861, '::1', 'Windows 8', 'Google Chrome v.55.0.2883.87', 'History', 'USER016001', '2017-01-01', '12:15:30'),
(1862, '::1', 'Windows 8', 'Google Chrome v.55.0.2883.87', 'History', 'USER016001', '2017-01-01', '12:18:54'),
(1863, '::1', 'Windows 8', 'Google Chrome v.55.0.2883.87', 'Home', 'USER016001', '2017-01-01', '12:20:55'),
(1864, '::1', 'Windows 8', 'Google Chrome v.55.0.2883.87', 'Diagnosa', 'USER016001', '2017-01-01', '12:21:04'),
(1865, '::1', 'Windows 8', 'Google Chrome v.55.0.2883.87', 'History', 'USER016001', '2017-01-01', '12:22:24'),
(1866, '::1', 'Windows 8', 'Google Chrome v.55.0.2883.87', 'Laporan', 'USER016001', '2017-01-01', '12:23:02'),
(1867, '::1', 'Windows 8', 'Google Chrome v.55.0.2883.87', 'History', 'USER016001', '2017-01-01', '12:23:28'),
(1868, '::1', 'Windows 8', 'Google Chrome v.55.0.2883.87', 'Profile', 'USER016001', '2017-01-01', '12:23:31'),
(1869, '::1', 'Windows 8', 'Google Chrome v.55.0.2883.87', 'History', 'USER016001', '2017-01-01', '12:23:36'),
(1870, '::1', 'Windows 8', 'Google Chrome v.55.0.2883.87', 'Gejala', 'USER016001', '2017-01-01', '12:34:34'),
(1871, '::1', 'Windows 8', 'Google Chrome v.55.0.2883.87', 'Gejala', 'USER016001', '2017-01-01', '12:34:36'),
(1872, '::1', 'Windows 8', 'Google Chrome v.55.0.2883.87', 'Penyakit', 'USER016001', '2017-01-01', '12:34:41'),
(1873, '::1', 'Windows 8', 'Google Chrome v.55.0.2883.87', 'Penyakit', 'USER016001', '2017-01-01', '12:34:53'),
(1874, '::1', 'Windows 8', 'Google Chrome v.55.0.2883.87', 'Profile', 'USER016001', '2017-01-01', '12:34:58'),
(1875, '::1', 'Windows 8', 'Google Chrome v.55.0.2883.87', 'History', 'USER016001', '2017-01-01', '12:35:00'),
(1876, '::1', 'Windows 8', 'Google Chrome v.55.0.2883.87', 'Penyakit', 'USER016001', '2017-01-01', '12:35:24'),
(1877, '::1', 'Windows 8', 'Google Chrome v.55.0.2883.87', 'Penyakit', 'USER016001', '2017-01-01', '12:35:30'),
(1878, '::1', 'Windows 8', 'Google Chrome v.55.0.2883.87', 'Profile', 'USER016001', '2017-01-01', '12:35:38'),
(1879, '::1', 'Windows 8', 'Google Chrome v.55.0.2883.87', 'History', 'USER016001', '2017-01-01', '12:35:40'),
(1880, '::1', 'Windows 8', 'Google Chrome v.55.0.2883.87', 'Penyakit', 'USER016001', '2017-01-01', '12:35:58'),
(1881, '::1', 'Windows 8', 'Google Chrome v.55.0.2883.87', 'Penyakit', 'USER016001', '2017-01-01', '12:36:07'),
(1882, '::1', 'Windows 8', 'Google Chrome v.55.0.2883.87', 'Profile', 'USER016001', '2017-01-01', '12:36:19'),
(1883, '::1', 'Windows 8', 'Google Chrome v.55.0.2883.87', 'History', 'USER016001', '2017-01-01', '12:36:21'),
(1884, '::1', 'Windows 8', 'Google Chrome v.55.0.2883.87', 'Aturan', 'USER016001', '2017-01-01', '12:36:43'),
(1885, '::1', 'Windows 8', 'Google Chrome v.55.0.2883.87', 'Aturan', 'USER016001', '2017-01-01', '12:36:57'),
(1886, '::1', 'Windows 8', 'Google Chrome v.55.0.2883.87', 'Profile', 'USER016001', '2017-01-01', '12:37:02'),
(1887, '::1', 'Windows 8', 'Google Chrome v.55.0.2883.87', 'History', 'USER016001', '2017-01-01', '12:37:03'),
(1888, '::1', 'Windows 8', 'Google Chrome v.55.0.2883.87', 'Diagnosa', 'USER016001', '2017-01-01', '12:37:50'),
(1889, '::1', 'Windows 8', 'Google Chrome v.55.0.2883.87', 'Aturan', 'USER016001', '2017-01-01', '12:38:14'),
(1890, '::1', 'Windows 8', 'Google Chrome v.55.0.2883.87', 'Aturan', 'USER016001', '2017-01-01', '12:38:29'),
(1891, '::1', 'Windows 8', 'Google Chrome v.55.0.2883.87', 'Aturan', 'USER016001', '2017-01-01', '12:38:42'),
(1892, '::1', 'Windows 8', 'Google Chrome v.55.0.2883.87', 'Diagnosa', 'USER016001', '2017-01-01', '12:39:19'),
(1893, '::1', 'Windows 8', 'Google Chrome v.55.0.2883.87', 'Laporan', 'USER016001', '2017-01-01', '12:39:30'),
(1894, '::1', 'Windows 8', 'Google Chrome v.55.0.2883.87', 'Diagnosa', 'USER016001', '2017-01-01', '12:40:29'),
(1895, '::1', 'Windows 8', 'Google Chrome v.55.0.2883.87', 'Profile', 'USER016001', '2017-01-01', '12:40:33'),
(1896, '::1', 'Windows 8', 'Google Chrome v.55.0.2883.87', 'History', 'USER016001', '2017-01-01', '12:40:36'),
(1897, '::1', 'Windows 8', 'Google Chrome v.55.0.2883.87', 'History', 'USER016001', '2017-01-01', '12:49:08'),
(1898, '::1', 'Windows 8', 'Google Chrome v.55.0.2883.87', 'History', 'USER016001', '2017-01-01', '12:49:44'),
(1899, '::1', 'Windows 8', 'Google Chrome v.55.0.2883.87', 'History', 'USER016001', '2017-01-01', '12:51:11'),
(1900, '::1', 'Windows 8', 'Google Chrome v.55.0.2883.87', 'History', 'USER016001', '2017-01-01', '12:53:05'),
(1901, '::1', 'Windows 8', 'Google Chrome v.55.0.2883.87', 'History', 'USER016001', '2017-01-01', '13:06:03'),
(1902, '::1', 'Windows 8', 'Google Chrome v.55.0.2883.87', 'History', 'USER016001', '2017-01-01', '13:08:10'),
(1903, '::1', 'Windows 8', 'Google Chrome v.55.0.2883.87', 'History', 'USER016001', '2017-01-01', '13:08:46'),
(1904, '::1', 'Windows 8', 'Google Chrome v.55.0.2883.87', 'History', 'USER016001', '2017-01-01', '13:09:32'),
(1905, '::1', 'Windows 8', 'Google Chrome v.55.0.2883.87', 'History', 'USER016001', '2017-01-01', '13:21:00'),
(1906, '::1', 'Windows 8', 'Google Chrome v.55.0.2883.87', 'History', 'USER016001', '2017-01-01', '13:21:17'),
(1907, '::1', 'Windows 8', 'Google Chrome v.55.0.2883.87', 'History', 'USER016001', '2017-01-01', '13:22:24'),
(1908, '::1', 'Windows 8', 'Google Chrome v.55.0.2883.87', 'History', 'USER016001', '2017-01-01', '13:22:25'),
(1909, '::1', 'Windows 8', 'Google Chrome v.55.0.2883.87', 'Gejala', 'USER016001', '2017-01-01', '14:19:50'),
(1910, '::1', 'Windows 8', 'Google Chrome v.55.0.2883.87', 'Aturan', 'USER016001', '2017-01-01', '14:19:52'),
(1911, '::1', 'Windows 8', 'Google Chrome v.55.0.2883.87', 'Laporan', 'USER016001', '2017-01-01', '14:19:55'),
(1912, '::1', 'Windows 8', 'Google Chrome v.55.0.2883.87', 'Aturan', 'USER016001', '2017-01-01', '14:20:10'),
(1913, '::1', 'Windows 8', 'Google Chrome v.55.0.2883.87', 'Aturan', 'USER016001', '2017-01-01', '14:20:24'),
(1914, '::1', 'Windows 8', 'Google Chrome v.55.0.2883.87', 'Laporan', 'USER016001', '2017-01-01', '14:20:26'),
(1915, '::1', 'Windows 8', 'Google Chrome v.55.0.2883.87', 'Gejala', 'USER016001', '2017-01-01', '14:23:36'),
(1916, '::1', 'Windows 8', 'Google Chrome v.55.0.2883.87', 'Penyakit', 'USER016001', '2017-01-01', '14:25:12'),
(1917, '::1', 'Windows 8', 'Google Chrome v.55.0.2883.87', 'Profile', 'USER016001', '2017-01-01', '14:40:15'),
(1918, '::1', 'Windows 8', 'Google Chrome v.55.0.2883.87', 'History', 'USER016001', '2017-01-01', '14:40:19'),
(1919, '::1', 'Windows 8', 'Google Chrome v.55.0.2883.87', 'Penyakit', 'USER016001', '2017-01-01', '14:57:12'),
(1920, '::1', 'Windows 8', 'Google Chrome v.55.0.2883.87', 'History', 'USER016001', '2017-01-01', '14:57:16'),
(1921, '::1', 'Windows 8', 'Google Chrome v.55.0.2883.87', 'Statistik', 'USER016001', '2017-01-01', '15:10:58'),
(1922, '::1', 'Windows 8', 'Google Chrome v.55.0.2883.87', 'Profile', 'USER016005', '2017-01-01', '15:11:15'),
(1923, '::1', 'Windows 8', 'Google Chrome v.55.0.2883.87', 'Diagnosa', 'USER016005', '2017-01-01', '15:11:19'),
(1924, '::1', 'Windows 8', 'Google Chrome v.55.0.2883.87', 'History', 'USER016005', '2017-01-01', '15:12:08'),
(1925, '::1', 'Windows 8', 'Google Chrome v.55.0.2883.87', 'History', 'USER016005', '2017-01-01', '15:13:01'),
(1926, '::1', 'Windows 8', 'Google Chrome v.55.0.2883.87', 'Diagnosa', 'USER016005', '2017-01-01', '15:13:17'),
(1927, '::1', 'Windows 8', 'Google Chrome v.55.0.2883.87', 'History', 'USER016005', '2017-01-01', '15:13:30'),
(1928, '::1', 'Windows 8', 'Google Chrome v.55.0.2883.87', 'Laporan', 'USER016005', '2017-01-01', '15:14:03'),
(1929, '::1', 'Windows 8', 'Google Chrome v.55.0.2883.87', 'Home', 'USER016001', '2017-01-01', '15:14:48'),
(1930, '::1', 'Windows 8', 'Google Chrome v.55.0.2883.87', 'Aturan', 'USER016001', '2017-01-01', '15:14:58'),
(1931, '::1', 'Windows 8', 'Google Chrome v.55.0.2883.87', 'Aturan', 'USER016001', '2017-01-01', '15:15:20'),
(1932, '::1', 'Windows 8', 'Google Chrome v.55.0.2883.87', 'Laporan', 'USER016005', '2017-01-01', '15:15:24'),
(1933, '::1', 'Windows 8', 'Google Chrome v.55.0.2883.87', 'Diagnosa', 'USER016005', '2017-01-01', '15:15:39'),
(1934, '::1', 'Windows 8', 'Google Chrome v.55.0.2883.87', 'History', 'USER016005', '2017-01-01', '15:15:52'),
(1935, '::1', 'Windows 8', 'Google Chrome v.55.0.2883.87', 'Laporan', 'USER016005', '2017-01-01', '15:16:47'),
(1936, '::1', 'Windows 8', 'Google Chrome v.55.0.2883.87', 'History', 'USER016005', '2017-01-01', '15:16:56'),
(1937, '::1', 'Windows 8', 'Google Chrome v.55.0.2883.87', 'Diagnosa', 'USER016005', '2017-01-01', '15:17:03'),
(1938, '::1', 'Windows 8', 'Google Chrome v.55.0.2883.87', 'Laporan', 'USER016005', '2017-01-01', '15:17:10'),
(1939, '::1', 'Windows 8', 'Google Chrome v.55.0.2883.87', 'Profile', 'USER016005', '2017-01-01', '15:17:57'),
(1940, '::1', 'Windows 8', 'Google Chrome v.55.0.2883.87', 'History', 'USER016005', '2017-01-01', '15:18:10'),
(1941, '::1', 'Windows 8', 'Google Chrome v.55.0.2883.87', 'Profile', 'USER016005', '2017-01-01', '15:18:13'),
(1942, '::1', 'Windows 8', 'Google Chrome v.55.0.2883.87', 'History', 'USER016005', '2017-01-01', '15:18:18'),
(1943, '::1', 'Windows 8', 'Google Chrome v.55.0.2883.87', 'Laporan', 'USER016005', '2017-01-01', '15:18:26'),
(1944, '::1', 'Windows 8', 'Google Chrome v.55.0.2883.87', 'Home', 'USER016001', '2017-01-01', '23:39:08'),
(1945, '::1', 'Windows 8', 'Google Chrome v.55.0.2883.87', 'Profile', 'USER016001', '2017-01-01', '23:39:40'),
(1946, '::1', 'Windows 8', 'Google Chrome v.55.0.2883.87', 'History', 'USER016001', '2017-01-01', '23:39:46'),
(1947, '::1', 'Windows 8', 'Google Chrome v.55.0.2883.87', 'Diagnosa', 'USER016001', '2017-01-01', '23:43:48'),
(1948, '::1', 'Windows 8', 'Google Chrome v.55.0.2883.87', 'History', 'USER016001', '2017-01-01', '23:44:07'),
(1949, '::1', 'Windows 8', 'Google Chrome v.55.0.2883.87', 'Penyakit', 'USER016001', '2017-01-01', '23:44:53'),
(1950, '::1', 'Windows 8', 'Google Chrome v.55.0.2883.87', 'Penyakit', 'USER016001', '2017-01-01', '23:46:12'),
(1951, '::1', 'Windows 8', 'Google Chrome v.55.0.2883.87', 'History', 'USER016001', '2017-01-01', '23:46:19'),
(1952, '::1', 'Windows 8', 'Google Chrome v.55.0.2883.87', 'Profile', 'USER016001', '2017-01-01', '23:46:21'),
(1953, '::1', 'Windows 8', 'Google Chrome v.55.0.2883.87', 'History', 'USER016001', '2017-01-01', '23:46:25'),
(1954, '::1', 'Windows 8', 'Google Chrome v.55.0.2883.87', 'History', 'USER016001', '2017-01-02', '00:03:40'),
(1955, '::1', 'Windows 8', 'Google Chrome v.55.0.2883.87', 'History', 'USER016001', '2017-01-02', '00:04:35'),
(1956, '::1', 'Windows 8', 'Google Chrome v.55.0.2883.87', 'History', 'USER016001', '2017-01-02', '00:05:56'),
(1957, '::1', 'Windows 8', 'Google Chrome v.55.0.2883.87', 'Profile', 'USER016001', '2017-01-02', '00:06:01'),
(1958, '::1', 'Windows 8', 'Google Chrome v.55.0.2883.87', 'Diagnosa', 'USER016001', '2017-01-02', '00:06:14'),
(1959, '::1', 'Windows 8', 'Google Chrome v.55.0.2883.87', 'History', 'USER016001', '2017-01-02', '00:06:26'),
(1960, '::1', 'Windows 8', 'Google Chrome v.55.0.2883.87', 'Diagnosa', 'USER016001', '2017-01-02', '00:06:41'),
(1961, '::1', 'Windows 8', 'Google Chrome v.55.0.2883.87', 'History', 'USER016001', '2017-01-02', '00:06:53'),
(1962, '::1', 'Windows 8', 'Google Chrome v.55.0.2883.87', 'History', 'USER016001', '2017-01-02', '00:07:11'),
(1963, '::1', 'Windows 8', 'Google Chrome v.55.0.2883.87', 'Diagnosa', 'USER016001', '2017-01-02', '08:07:53'),
(1964, '::1', 'Windows 8', 'Google Chrome v.55.0.2883.87', 'History', 'USER016001', '2017-01-02', '08:08:11'),
(1965, '::1', 'Windows 8', 'Google Chrome v.55.0.2883.87', 'Penyakit', 'USER016001', '2017-01-02', '08:08:56'),
(1966, '::1', 'Windows 8', 'Google Chrome v.55.0.2883.87', 'Aturan', 'USER016001', '2017-01-02', '08:09:03'),
(1967, '::1', 'Windows 8', 'Google Chrome v.55.0.2883.87', 'Laporan', 'USER016001', '2017-01-02', '08:09:06'),
(1968, '::1', 'Windows 8', 'Google Chrome v.55.0.2883.87', 'Diagnosa', 'USER016001', '2017-01-02', '08:10:04'),
(1969, '::1', 'Windows 8', 'Google Chrome v.55.0.2883.87', 'History', 'USER016001', '2017-01-02', '08:10:35'),
(1970, '::1', 'Windows 8', 'Google Chrome v.55.0.2883.87', 'Aturan', 'USER016001', '2017-01-02', '08:26:10'),
(1971, '::1', 'Windows 8', 'Google Chrome v.55.0.2883.87', 'Aturan', 'USER016001', '2017-01-02', '08:26:41'),
(1972, '::1', 'Windows 8', 'Google Chrome v.55.0.2883.87', 'Aturan', 'USER016001', '2017-01-02', '08:27:02'),
(1973, '::1', 'Windows 8', 'Google Chrome v.55.0.2883.87', 'Aturan', 'USER016001', '2017-01-02', '08:27:20'),
(1974, '::1', 'Windows 8', 'Google Chrome v.55.0.2883.87', 'Aturan', 'USER016001', '2017-01-02', '08:27:31'),
(1975, '::1', 'Windows 8', 'Google Chrome v.55.0.2883.87', 'Aturan', 'USER016001', '2017-01-02', '08:28:01'),
(1976, '::1', 'Windows 8', 'Google Chrome v.55.0.2883.87', 'Aturan', 'USER016001', '2017-01-02', '08:28:20'),
(1977, '::1', 'Windows 8', 'Google Chrome v.55.0.2883.87', 'Aturan', 'USER016001', '2017-01-02', '08:28:32'),
(1978, '::1', 'Windows 8', 'Google Chrome v.55.0.2883.87', 'Aturan', 'USER016001', '2017-01-02', '08:28:47'),
(1979, '::1', 'Windows 8', 'Google Chrome v.55.0.2883.87', 'Aturan', 'USER016001', '2017-01-02', '08:29:00'),
(1980, '::1', 'Windows 8', 'Google Chrome v.55.0.2883.87', 'Aturan', 'USER016001', '2017-01-02', '08:29:17'),
(1981, '::1', 'Windows 8', 'Google Chrome v.55.0.2883.87', 'Aturan', 'USER016001', '2017-01-02', '08:29:26'),
(1982, '::1', 'Windows 8', 'Google Chrome v.55.0.2883.87', 'Aturan', 'USER016001', '2017-01-02', '08:29:43'),
(1983, '::1', 'Windows 8', 'Google Chrome v.55.0.2883.87', 'Aturan', 'USER016001', '2017-01-02', '08:29:51'),
(1984, '::1', 'Windows 8', 'Google Chrome v.55.0.2883.87', 'Aturan', 'USER016001', '2017-01-02', '08:30:01'),
(1985, '::1', 'Windows 8', 'Google Chrome v.55.0.2883.87', 'Aturan', 'USER016001', '2017-01-02', '08:30:17'),
(1986, '::1', 'Windows 8', 'Google Chrome v.55.0.2883.87', 'Aturan', 'USER016001', '2017-01-02', '08:30:26'),
(1987, '::1', 'Windows 8', 'Google Chrome v.55.0.2883.87', 'Aturan', 'USER016001', '2017-01-02', '08:30:44'),
(1988, '::1', 'Windows 8', 'Google Chrome v.55.0.2883.87', 'Aturan', 'USER016001', '2017-01-02', '08:31:02'),
(1989, '::1', 'Windows 8', 'Google Chrome v.55.0.2883.87', 'Aturan', 'USER016001', '2017-01-02', '08:31:11'),
(1990, '::1', 'Windows 8', 'Google Chrome v.55.0.2883.87', 'Aturan', 'USER016001', '2017-01-02', '08:31:23'),
(1991, '::1', 'Windows 8', 'Google Chrome v.55.0.2883.87', 'Aturan', 'USER016001', '2017-01-02', '08:31:45'),
(1992, '::1', 'Windows 8', 'Google Chrome v.55.0.2883.87', 'Aturan', 'USER016001', '2017-01-02', '08:32:14'),
(1993, '::1', 'Windows 8', 'Google Chrome v.55.0.2883.87', 'Aturan', 'USER016001', '2017-01-02', '08:33:17'),
(1994, '::1', 'Windows 8', 'Google Chrome v.55.0.2883.87', 'Aturan', 'USER016001', '2017-01-02', '08:33:30'),
(1995, '::1', 'Windows 8', 'Google Chrome v.55.0.2883.87', 'Aturan', 'USER016001', '2017-01-02', '08:33:48'),
(1996, '::1', 'Windows 8', 'Google Chrome v.55.0.2883.87', 'Aturan', 'USER016001', '2017-01-02', '08:34:11'),
(1997, '::1', 'Windows 8', 'Google Chrome v.55.0.2883.87', 'Aturan', 'USER016001', '2017-01-02', '08:34:22'),
(1998, '::1', 'Windows 8', 'Google Chrome v.55.0.2883.87', 'Aturan', 'USER016001', '2017-01-02', '08:34:42'),
(1999, '::1', 'Windows 8', 'Google Chrome v.55.0.2883.87', 'Aturan', 'USER016001', '2017-01-02', '08:34:56'),
(2000, '::1', 'Windows 8', 'Google Chrome v.55.0.2883.87', 'Aturan', 'USER016001', '2017-01-02', '08:35:10'),
(2001, '::1', 'Windows 8', 'Google Chrome v.55.0.2883.87', 'Aturan', 'USER016001', '2017-01-02', '08:35:23'),
(2002, '::1', 'Windows 8', 'Google Chrome v.55.0.2883.87', 'Aturan', 'USER016001', '2017-01-02', '08:35:41'),
(2003, '::1', 'Windows 8', 'Google Chrome v.55.0.2883.87', 'Aturan', 'USER016001', '2017-01-02', '08:35:48'),
(2004, '::1', 'Windows 8', 'Google Chrome v.55.0.2883.87', 'Aturan', 'USER016001', '2017-01-02', '08:35:55'),
(2005, '::1', 'Windows 8', 'Google Chrome v.55.0.2883.87', 'Aturan', 'USER016001', '2017-01-02', '08:36:03'),
(2006, '::1', 'Windows 8', 'Google Chrome v.55.0.2883.87', 'Aturan', 'USER016001', '2017-01-02', '08:36:09'),
(2007, '::1', 'Windows 8', 'Google Chrome v.55.0.2883.87', 'Aturan', 'USER016001', '2017-01-02', '08:36:16'),
(2008, '::1', 'Windows 8', 'Google Chrome v.55.0.2883.87', 'Aturan', 'USER016001', '2017-01-02', '08:36:26'),
(2009, '::1', 'Windows 8', 'Google Chrome v.55.0.2883.87', 'Aturan', 'USER016001', '2017-01-02', '08:36:34'),
(2010, '::1', 'Windows 8', 'Google Chrome v.55.0.2883.87', 'Aturan', 'USER016001', '2017-01-02', '08:36:46'),
(2011, '::1', 'Windows 8', 'Google Chrome v.55.0.2883.87', 'Aturan', 'USER016001', '2017-01-02', '08:36:56'),
(2012, '::1', 'Windows 8', 'Google Chrome v.55.0.2883.87', 'Aturan', 'USER016001', '2017-01-02', '08:37:13'),
(2013, '::1', 'Windows 8', 'Google Chrome v.55.0.2883.87', 'Aturan', 'USER016001', '2017-01-02', '08:37:21'),
(2014, '::1', 'Windows 8', 'Google Chrome v.55.0.2883.87', 'Aturan', 'USER016001', '2017-01-02', '08:37:27'),
(2015, '::1', 'Windows 8', 'Google Chrome v.55.0.2883.87', 'Aturan', 'USER016001', '2017-01-02', '08:37:41'),
(2016, '::1', 'Windows 8', 'Google Chrome v.55.0.2883.87', 'Aturan', 'USER016001', '2017-01-02', '08:37:52'),
(2017, '::1', 'Windows 8', 'Google Chrome v.55.0.2883.87', 'Aturan', 'USER016001', '2017-01-02', '08:38:00'),
(2018, '::1', 'Windows 8', 'Google Chrome v.55.0.2883.87', 'Aturan', 'USER016001', '2017-01-02', '08:38:20'),
(2019, '::1', 'Windows 8', 'Google Chrome v.55.0.2883.87', 'Aturan', 'USER016001', '2017-01-02', '08:38:34'),
(2020, '::1', 'Windows 8', 'Google Chrome v.55.0.2883.87', 'Aturan', 'USER016001', '2017-01-02', '08:38:40'),
(2021, '::1', 'Windows 8', 'Google Chrome v.55.0.2883.87', 'Aturan', 'USER016001', '2017-01-02', '08:39:28'),
(2022, '::1', 'Windows 8', 'Google Chrome v.55.0.2883.87', 'Aturan', 'USER016001', '2017-01-02', '08:39:36'),
(2023, '::1', 'Windows 8', 'Google Chrome v.55.0.2883.87', 'Aturan', 'USER016001', '2017-01-02', '08:39:48'),
(2024, '::1', 'Windows 8', 'Google Chrome v.55.0.2883.87', 'Aturan', 'USER016001', '2017-01-02', '08:39:55'),
(2025, '::1', 'Windows 8', 'Google Chrome v.55.0.2883.87', 'Aturan', 'USER016001', '2017-01-02', '08:40:06'),
(2026, '::1', 'Windows 8', 'Google Chrome v.55.0.2883.87', 'Aturan', 'USER016001', '2017-01-02', '08:40:23'),
(2027, '::1', 'Windows 8', 'Google Chrome v.55.0.2883.87', 'Aturan', 'USER016001', '2017-01-02', '08:40:33'),
(2028, '::1', 'Windows 8', 'Google Chrome v.55.0.2883.87', 'Aturan', 'USER016001', '2017-01-02', '08:40:44'),
(2029, '::1', 'Windows 8', 'Google Chrome v.55.0.2883.87', 'Aturan', 'USER016001', '2017-01-02', '08:40:52'),
(2030, '::1', 'Windows 8', 'Google Chrome v.55.0.2883.87', 'Aturan', 'USER016001', '2017-01-02', '08:41:38'),
(2031, '::1', 'Windows 8', 'Google Chrome v.55.0.2883.87', 'Aturan', 'USER016001', '2017-01-02', '08:42:10'),
(2032, '::1', 'Windows 8', 'Google Chrome v.55.0.2883.87', 'Aturan', 'USER016001', '2017-01-02', '08:42:23'),
(2033, '::1', 'Windows 8', 'Google Chrome v.55.0.2883.87', 'Aturan', 'USER016001', '2017-01-02', '08:42:35'),
(2034, '::1', 'Windows 8', 'Google Chrome v.55.0.2883.87', 'Aturan', 'USER016001', '2017-01-02', '08:42:44'),
(2035, '::1', 'Windows 8', 'Google Chrome v.55.0.2883.87', 'Aturan', 'USER016001', '2017-01-02', '08:43:02'),
(2036, '::1', 'Windows 8', 'Google Chrome v.55.0.2883.87', 'Aturan', 'USER016001', '2017-01-02', '08:43:25'),
(2037, '::1', 'Windows 8', 'Google Chrome v.55.0.2883.87', 'Aturan', 'USER016001', '2017-01-02', '08:43:37'),
(2038, '::1', 'Windows 8', 'Google Chrome v.55.0.2883.87', 'Aturan', 'USER016001', '2017-01-02', '08:44:00'),
(2039, '::1', 'Windows 8', 'Google Chrome v.55.0.2883.87', 'Aturan', 'USER016001', '2017-01-02', '08:44:09'),
(2040, '::1', 'Windows 8', 'Google Chrome v.55.0.2883.87', 'Aturan', 'USER016001', '2017-01-02', '08:44:20'),
(2041, '::1', 'Windows 8', 'Google Chrome v.55.0.2883.87', 'Aturan', 'USER016001', '2017-01-02', '08:44:35'),
(2042, '::1', 'Windows 8', 'Google Chrome v.55.0.2883.87', 'Aturan', 'USER016001', '2017-01-02', '08:44:44'),
(2043, '::1', 'Windows 8', 'Google Chrome v.55.0.2883.87', 'Aturan', 'USER016001', '2017-01-02', '08:44:58'),
(2044, '::1', 'Windows 8', 'Google Chrome v.55.0.2883.87', 'Aturan', 'USER016001', '2017-01-02', '08:45:08'),
(2045, '::1', 'Windows 8', 'Google Chrome v.55.0.2883.87', 'Aturan', 'USER016001', '2017-01-02', '08:45:31'),
(2046, '::1', 'Windows 8', 'Google Chrome v.55.0.2883.87', 'Aturan', 'USER016001', '2017-01-02', '08:46:38'),
(2047, '::1', 'Windows 8', 'Google Chrome v.55.0.2883.87', 'Aturan', 'USER016001', '2017-01-02', '08:47:10'),
(2048, '::1', 'Windows 8', 'Google Chrome v.55.0.2883.87', 'Aturan', 'USER016001', '2017-01-02', '08:47:21'),
(2049, '::1', 'Windows 8', 'Google Chrome v.55.0.2883.87', 'Aturan', 'USER016001', '2017-01-02', '08:47:51'),
(2050, '::1', 'Windows 8', 'Google Chrome v.55.0.2883.87', 'Aturan', 'USER016001', '2017-01-02', '08:48:06'),
(2051, '::1', 'Windows 8', 'Google Chrome v.55.0.2883.87', 'Aturan', 'USER016001', '2017-01-02', '08:48:18'),
(2052, '::1', 'Windows 8', 'Google Chrome v.55.0.2883.87', 'Aturan', 'USER016001', '2017-01-02', '08:48:33'),
(2053, '::1', 'Windows 8', 'Google Chrome v.55.0.2883.87', 'Aturan', 'USER016001', '2017-01-02', '08:48:59'),
(2054, '::1', 'Windows 8', 'Google Chrome v.55.0.2883.87', 'Aturan', 'USER016001', '2017-01-02', '08:51:24'),
(2055, '::1', 'Windows 8', 'Google Chrome v.55.0.2883.87', 'Aturan', 'USER016001', '2017-01-02', '08:51:35'),
(2056, '::1', 'Windows 8', 'Google Chrome v.55.0.2883.87', 'Diagnosa', 'USER016001', '2017-01-02', '08:51:46'),
(2057, '::1', 'Windows 8', 'Google Chrome v.55.0.2883.87', 'History', 'USER016001', '2017-01-02', '08:52:19'),
(2058, '::1', 'Windows 8', 'Google Chrome v.55.0.2883.87', 'Aturan', 'USER016001', '2017-01-02', '08:53:43'),
(2059, '::1', 'Windows 8', 'Google Chrome v.55.0.2883.87', 'Aturan', 'USER016001', '2017-01-02', '08:53:51'),
(2060, '::1', 'Windows 8', 'Google Chrome v.55.0.2883.87', 'Profile', 'USER016001', '2017-01-02', '08:55:43'),
(2061, '::1', 'Windows 8', 'Google Chrome v.55.0.2883.87', 'History', 'USER016001', '2017-01-02', '08:55:46'),
(2062, '::1', 'Windows 8', 'Google Chrome v.55.0.2883.87', 'History', 'USER016001', '2017-01-02', '08:56:24'),
(2063, '::1', 'Windows 8', 'Google Chrome v.55.0.2883.87', 'History', 'USER016001', '2017-01-02', '08:57:00'),
(2064, '::1', 'Windows 8', 'Google Chrome v.55.0.2883.87', 'History', 'USER016001', '2017-01-02', '08:57:12'),
(2065, '::1', 'Windows 8', 'Google Chrome v.55.0.2883.87', 'History', 'USER016001', '2017-01-02', '08:59:16'),
(2066, '::1', 'Windows 8', 'Google Chrome v.55.0.2883.87', 'History', 'USER016001', '2017-01-02', '08:59:55'),
(2067, '::1', 'Windows 8', 'Google Chrome v.55.0.2883.87', 'History', 'USER016001', '2017-01-02', '09:00:30'),
(2068, '::1', 'Windows 8', 'Google Chrome v.55.0.2883.87', 'History', 'USER016001', '2017-01-02', '09:00:57');

-- --------------------------------------------------------

--
-- Table structure for table `user_pakar`
--

CREATE TABLE IF NOT EXISTS `user_pakar` (
  `id_pakar` varchar(12) NOT NULL,
  `nama` varchar(50) NOT NULL,
  `username` varchar(12) NOT NULL,
  `password` varchar(100) NOT NULL,
  `waktu` date NOT NULL,
  `foto` varchar(100) NOT NULL,
  `cover` varchar(100) NOT NULL,
  `level` varchar(12) NOT NULL
) ENGINE=InnoDB DEFAULT CHARSET=latin1;

--
-- Dumping data for table `user_pakar`
--

INSERT INTO `user_pakar` (`id_pakar`, `nama`, `username`, `password`, `waktu`, `foto`, `cover`, `level`) VALUES
('USER016001', 'YMustaqim19', 'ymustaqim19', 'c4ca4238a0b923820dcc509a6f75849b', '2016-10-17', 'null', 'null', 'admin'),
('USER016002', 'Muhammad Alis', 'm.ali', 'd41d8cd98f00b204e9800998ecf8427e', '0000-00-00', 'null', 'null', 'user'),
('USER016003', 'Indra Syafri', 'i.dra', 'c4ca4238a0b923820dcc509a6f75849b', '0000-00-00', 'null', 'null', 'user'),
('USER016004', 'Ilham Zamrun', 'i.f', 'c4ca4238a0b923820dcc509a6f75849b', '0000-00-00', 'null', 'null', 'user'),
('USER016005', 'ymustaqim', 'ymustaqim', 'c4ca4238a0b923820dcc509a6f75849b', '2016-10-14', 'photo.jpg', 'KDB congrats.jpg', 'user'),
('USER016006', 'Junandra Ilham', 'j.i', 'c4ca4238a0b923820dcc509a6f75849b', '2016-10-15', '', '', 'user'),
('USER016007', 'Bring Me', 'bmth', 'c4ca4238a0b923820dcc509a6f75849b', '2016-10-15', '', '', 'user'),
('USER016008', 'Yusuf Maulana', 'ysf', 'c4ca4238a0b923820dcc509a6f75849b', '2016-10-21', 'null', 'null', 'user'),
('USER016009', 'Harry Andriyan M', 'andriyan', 'c4ca4238a0b923820dcc509a6f75849b', '2016-10-23', 'null', 'null', 'user'),
('USER016011', 'helmi', 'helemiwae', 'c4ca4238a0b923820dcc509a6f75849b', '2016-10-24', 'null', 'null', 'user'),
('USER016012', 'Andra Aji', 'a.aji', 'c4ca4238a0b923820dcc509a6f75849b', '2016-12-08', 'null', 'null', 'user'),
('USER016013', 'Indra Krisna', 'krisna', 'c4ca4238a0b923820dcc509a6f75849b', '2016-12-09', 'null', 'null', 'user'),
('USER016014', 'mustaqim', 'ali', 'c4ca4238a0b923820dcc509a6f75849b', '2016-12-09', 'null', 'null', 'user'),
('USER016015', 'helmi', 'helmi', '698d51a19d8a121ce581499d7b701668', '2016-12-19', 'null', 'null', 'user');

--
-- Indexes for dumped tables
--

--
-- Indexes for table `aturan`
--
ALTER TABLE `aturan`
 ADD PRIMARY KEY (`id_aturan`), ADD KEY `id_penyakit` (`id_penyakit`,`id_gejala`), ADD KEY `id_gejala` (`id_gejala`);

--
-- Indexes for table `diagnosa`
--
ALTER TABLE `diagnosa`
 ADD PRIMARY KEY (`id_diagnosa`), ADD KEY `id_pakar` (`id_pakar`), ADD KEY `f_id_pakar` (`f_id_penyakit`);

--
-- Indexes for table `diagnosa_detail`
--
ALTER TABLE `diagnosa_detail`
 ADD KEY `id_aturan` (`id_aturan`), ADD KEY `id_diagnosa` (`id_diagnosa`);

--
-- Indexes for table `gejala`
--
ALTER TABLE `gejala`
 ADD PRIMARY KEY (`id_gejala`);

--
-- Indexes for table `penyakit`
--
ALTER TABLE `penyakit`
 ADD PRIMARY KEY (`id_penyakit`);

--
-- Indexes for table `statistik`
--
ALTER TABLE `statistik`
 ADD PRIMARY KEY (`id_statistik`), ADD KEY `id_pakar` (`id_pakar`);

--
-- Indexes for table `user_pakar`
--
ALTER TABLE `user_pakar`
 ADD PRIMARY KEY (`id_pakar`);

--
-- AUTO_INCREMENT for dumped tables
--

--
-- AUTO_INCREMENT for table `statistik`
--
ALTER TABLE `statistik`
MODIFY `id_statistik` int(12) NOT NULL AUTO_INCREMENT,AUTO_INCREMENT=2069;
--
-- Constraints for dumped tables
--

--
-- Constraints for table `aturan`
--
ALTER TABLE `aturan`
ADD CONSTRAINT `aturan_ibfk_1` FOREIGN KEY (`id_penyakit`) REFERENCES `penyakit` (`id_penyakit`) ON DELETE CASCADE ON UPDATE CASCADE,
ADD CONSTRAINT `aturan_ibfk_2` FOREIGN KEY (`id_gejala`) REFERENCES `gejala` (`id_gejala`) ON DELETE CASCADE ON UPDATE CASCADE;

--
-- Constraints for table `diagnosa`
--
ALTER TABLE `diagnosa`
ADD CONSTRAINT `diagnosa_ibfk_2` FOREIGN KEY (`id_pakar`) REFERENCES `user_pakar` (`id_pakar`) ON DELETE CASCADE ON UPDATE CASCADE;

--
-- Constraints for table `diagnosa_detail`
--
ALTER TABLE `diagnosa_detail`
ADD CONSTRAINT `diagnosa_detail_ibfk_1` FOREIGN KEY (`id_aturan`) REFERENCES `aturan` (`id_aturan`) ON DELETE CASCADE ON UPDATE CASCADE,
ADD CONSTRAINT `diagnosa_detail_ibfk_2` FOREIGN KEY (`id_diagnosa`) REFERENCES `diagnosa` (`id_diagnosa`) ON DELETE CASCADE ON UPDATE CASCADE;

--
-- Constraints for table `statistik`
--
ALTER TABLE `statistik`
ADD CONSTRAINT `statistik_ibfk_1` FOREIGN KEY (`id_pakar`) REFERENCES `user_pakar` (`id_pakar`) ON DELETE CASCADE ON UPDATE CASCADE;

/*!40101 SET CHARACTER_SET_CLIENT=@OLD_CHARACTER_SET_CLIENT */;
/*!40101 SET CHARACTER_SET_RESULTS=@OLD_CHARACTER_SET_RESULTS */;
/*!40101 SET COLLATION_CONNECTION=@OLD_COLLATION_CONNECTION */;
